id,name,category,created_at,available_stock
001fe130-dbb3-467f-b32d-940893bd5faa,INFORMATIQUE ET ROBOTIQUE IA - 1AC,كتاب مدرسي,2026-09-04 16:15:31.992674+00,0
00503990-9664-4331-8482-281183a043a2,KID'S ZONE WB + SB 4,كتاب مدرسي,2026-08-20 10:06:43.332419+00,0
011557f4-5a12-49f2-abfa-af8ecf1e5f7f,المفيد في اللغة العربية  - 1,كتاب مدرسي,2026-09-09 16:25:13.152842+00,0
0127fab7-5517-4d71-be9f-741f8f570994,مسار التاريخ و الجغرافيا - جدع مشترك,كتاب مدرسي,2026-08-27 16:16:01.562017+00,0
012f28df-032f-4d93-aee2-46fecc461169,اوراق مزدوجة كبيرة - أصفر,كتاب مدرسي,2026-09-07 15:55:37.650696+00,0
0179c83c-b7d8-4e6b-80c1-de0723db7ce0,OBJRCTIF SCIENCE - CM2,كتاب مدرسي,2026-09-06 01:23:57.86884+00,0
019cc562-59f8-425d-8497-989dbd5cb81b,ACTION MATH - 1,كتاب مدرسي,2026-08-28 16:15:10.16491+00,0
01b25db1-4a1a-4515-9174-ca946b34dec2,AL MOUFID EN SVT LIVERT D'ACTIVITÉ 2AC,كتاب مدرسي,2026-08-27 20:07:02.926191+00,0
01e526fd-8e51-4bc7-8aaf-2d16dc303326,MON CAHIER D'ECRITURE 1  - MA PETIT OUASIS,كتاب مدرسي,2026-09-07 17:17:30.250369+00,0
0247bf27-c0f9-445c-99a6-c999fb4f18ae,الحي اللاتيني,كتاب مدرسي,2026-09-01 08:43:34.695988+00,0
02531cee-eea0-4d30-83c8-25a17f0768dc,دفتر التجديد التقصي 4,كتاب مدرسي,2026-09-14 20:54:44.878712+00,0
02554ebc-9051-4edb-8a58-58fab8304773,التعلمات الاساس في الكتابة 1,كتاب مدرسي,2026-09-11 12:30:01.158877+00,0
025b2fc6-02e5-4140-b1ad-40cc254ec71e,L'ART DU FRANCAIS - 4 COMPLET,كتاب مدرسي,2026-09-05 12:14:12.35319+00,0
0297db93-a6fe-4232-a09e-cb292e5c4025,MAXI SVT -TC,كتاب مدرسي,2026-08-27 19:48:17.511246+00,0
02a24a67-1f16-48d9-8001-f511244b6904,تبسيط الأنشطة التطبيقية - 3,كتاب مدرسي,2026-08-28 16:16:37.169388+00,0
02dfc17d-4570-4ac7-966b-3ab3802ed709,POIL DE CAROTTE JULES RENARD,كتاب مدرسي,2026-08-20 11:03:43.794841+00,0
034308f4-693e-4390-a40a-86bf85edf9af,CNSS عادية + أمراض مزمنة,كتاب مدرسي,2026-08-22 08:58:49.687301+00,0
035d3115-9d69-4056-8ecb-2559f96a0cb4,HEURE DE FRANCAIS 1ER AC,كتاب مدرسي,2026-09-08 17:09:55.136043+00,0
0389753f-a925-4543-94be-eeb6732886d0,مرشدي في اللغة العربية  - 3 اعدادي,كتاب مدرسي,2026-09-03 12:14:30.311371+00,0
03953add-9d0d-450b-94dd-d17a31d974d2,PEINTURE VOILET 1/2,كتاب مدرسي,2026-09-13 13:06:04.196385+00,0
039f752b-b64d-419a-bc9e-5db106bcdf12,دفتر التقصي - دار التقافة - 3ابتدائي,كتاب مدرسي,2026-09-03 14:18:28.134653+00,0
03b2017b-b792-4518-9b4b-5a45f74dc758,MICRO MATH CP,كتاب مدرسي,2026-08-31 16:05:48.802636+00,0
03c238b3-2fb5-452a-a39f-7e84967226a4,MEILLEUR EN ÉCRITURE CM1,كتاب مدرسي,2026-08-29 13:37:30.890126+00,0
04510c5a-0498-427b-bb4c-b20418308bcc,LES OEUVRES INTEGRALES TCS,كتاب مدرسي,2026-09-11 18:35:45.230403+00,0
0451d625-64c8-47fc-a4df-e4309ab1195e,قصة من مجموعة - مكتبتي الصغيرة 2 - دار اليمامة,كتاب مدرسي,2026-08-31 15:55:08.284355+00,0
04723fc7-b066-46c9-8081-dfdca2e04b14,LIVRE PASSERELLE - 3AC,كتاب مدرسي,2026-09-03 12:14:30.540893+00,0
049d5914-9b19-440a-bf48-05ea442ecc87,4EME FRANCAIS TERRE DES LETTRES SPECAIL MAROC,كتاب مدرسي,2026-09-11 12:26:53.603507+00,0
04d97fc6-f318-4d82-9356-65a7c7a93533,ALMOUFID EN MATH - 2AC,كتاب مدرسي,2026-09-07 15:52:17.0628+00,0
050cf6bd-bbf5-4f31-902e-394977107c42,المرشد في النشاط العلمي - 4,كتاب مدرسي,2026-09-02 11:27:26.523424+00,0
05ec3bf9-4054-41f3-a5eb-e6ea23ce084f,كتابي في اللغة العربية  - 2,كتاب مدرسي,2026-09-07 10:23:49.362915+00,0
0607a8ba-d90f-4d29-b652-f169aefd1a00,المفيد في الرياضيات - 1,كتاب مدرسي,2026-09-07 17:17:29.400623+00,0
06795001-410c-4e69-a91e-b414c69466d4,PIXEL INFORMATIQUE 1AC - AI,كتاب مدرسي,2026-08-23 16:12:31.906209+00,0
06abc3f5-a943-4b79-ad12-d8e80fa4ebb2,انشطتي اليومية - 5/6   -  العربية,كتاب مدرسي,2026-09-04 17:36:16.599884+00,0
07141043-5a13-437a-b4e5-d2c104d14c03,عقد الخط و الجواهر -  2,كتاب مدرسي,2026-09-04 20:36:32.983318+00,0
0736e62f-205e-48a2-970f-ce1cb9c9a050,طريق النجاح في التربية الاسلامية - 4,كتاب مدرسي,2026-09-03 20:16:57.965664+00,0
074cef70-c314-4380-9969-b7d87cebc2b6,الجيد في الرياضيات 6,كتاب مدرسي,2026-08-27 20:48:05.781432+00,0
07e3f456-54ea-4323-a8ad-123ede2bf7a7,le labo fe grammaire terre des lettres 6° ED NATHAN,كتاب مدرسي,2026-09-11 09:06:30.99535+00,0
07f31059-823b-4b4e-ba70-e8b6f4675448,EXCEL MATH 6E,كتاب مدرسي,2026-09-04 09:26:48.050963+00,0
0803e17c-2251-4aeb-9898-64384b6216aa,MEMOIRES DE FRANCAIS 2AC,كتاب مدرسي,2026-09-08 16:31:53.254325+00,0
080d8135-de48-4792-bf5e-5fb2dd1e391a,فضاء الرياضيات 3 ابتدائي,كتاب مدرسي,2026-08-20 09:08:20.579649+00,0
085d27fb-5b2a-4cef-90a8-edd38e5a24d6,PAS A PAS - INFORMATIQUE 4,كتاب مدرسي,2026-08-30 15:51:19.064134+00,0
08865bf8-e833-4fe0-9d2e-e8eeb97336d1,انشطتي اللغة العربية - واحتي 1,كتاب مدرسي,2026-09-06 01:35:13.662449+00,0
08c6e20f-572a-49b5-afcb-d5f088b1855b,كراسة التخطيط و الكتابة - واحتي الصغيرة 5/6,كتاب مدرسي,2026-09-13 16:12:12.17974+00,0
09153ac3-846c-40f5-aece-174d0778b327,DOUCEMENT PC SIGMA 1AC,كتاب مدرسي,2026-09-07 14:23:43.054812+00,0
0930b0fb-82f8-4655-aa04-d03a3127cee1,الدفتر الصحي المدرسي,كتاب مدرسي,2026-09-03 15:21:06.4025+00,0
093f516d-dde7-40f5-bc5a-ae5364173c00,المؤلف الخيمياني باولو كولير,كتاب مدرسي,2026-09-07 11:06:07.563497+00,0
094061c6-4b9a-4a14-9224-3ea52e8b9685,انشطتي اليومية - 3/4   -  الفرنسية المشروع 1,كتاب مدرسي,2026-09-05 17:17:20.233103+00,0
09a085ba-c7a7-4d45-a15e-a1b90c6cc56c,COMPUTER SCIENCE - ROBOTICS AI - CE1,كتاب مدرسي,2026-08-29 11:26:02.777364+00,0
09bada80-bb51-4ac3-9838-8ed196f92503,المنير اللغة العربية - 3,كتاب مدرسي,2026-09-03 14:18:28.337318+00,0
09c77dee-465d-4e7e-b698-83b4d104b133,MAX JULES FICHIER 1-2 - CP,كتاب مدرسي,2026-09-02 15:49:07.457417+00,0
09edcd34-b615-4b86-8b88-490e1e2b0689,COMPETENCE ACTIVITE  PC -1AC,كتاب مدرسي,2026-09-08 22:24:54.934833+00,0
0a5a21a9-0113-443c-920e-33b3692cf5ea,MANUEL - SVT 1AC,كتاب مدرسي,2026-09-06 17:35:18.977624+00,0
0a5f365b-9852-4395-9336-a4d5490ab691,الميتاق - 3/4          عربية /فرنسية,كتاب مدرسي,2026-09-05 17:31:14.453808+00,0
0ae80518-1789-432b-a1e3-f12772fce75f,RHETORIQUE CP EDITION SPE,كتاب مدرسي,2026-08-28 11:36:22.68015+00,0
0b0c7d33-4e9f-4993-b8af-731878055c1f,TRESOR DES MOTS - 3,كتاب مدرسي,2026-09-07 17:39:37.919001+00,0
0b511154-a5ad-45b3-b627-ac9be3483fee,لمفيد اللغة العربية - 4,كتاب مدرسي,2026-09-02 15:28:49.748447+00,0
0ba05438-caee-41f5-9461-0218c6e97ff3,الجديد في التربية التشكيلية 5,كتاب مدرسي,2026-09-09 15:38:13.13596+00,0
0bd4124d-89d6-4d86-9b92-988eb056a31f,الرائد في اللغة العربية 1 اعدادي,كتاب مدرسي,2026-08-20 09:08:19.061674+00,0
0bda2a4f-8b27-4c46-9872-4a386388f1d2,LES FOURBERIE DE SCAPIN,كتاب مدرسي,2026-08-26 12:54:17.86528+00,0
0c30f900-29a2-4422-85d7-3ad2864b6f70,المفيد في النشاط العلمي 6 ابتدائي,كتاب مدرسي,2026-08-20 09:08:19.72693+00,0
0c3c0839-6f11-46a4-bb76-7eab462200d6,PANORAMA MATH - 2BAC,كتاب مدرسي,2026-09-12 16:15:19.842098+00,0
0c4dcb9a-3557-49a2-95c2-4833bf4cbf22,MINIBUS - GS,كتاب مدرسي,2026-09-10 17:16:57.67766+00,0
0c51b2cf-4b16-4815-8b48-e05d0817e6ac,MANUEL MAXI MATH - 3AC,كتاب مدرسي,2026-08-29 11:28:13.065461+00,0
0c52cf36-76c0-4d57-badb-8680ae177896,قاموسي الاول - رشيد كنون,كتاب مدرسي,2026-09-04 16:57:08.034683+00,0
0c75c4f5-fd83-4b42-824f-bad873d45dc9,LE DERNIER JOUR D'UN CONDAMNÉ,كتاب مدرسي,2026-08-22 12:33:33.514624+00,0
0cb347c4-d7c5-493f-a116-c3fec154559a,CAP SCIENCE - 3,كتاب مدرسي,2026-09-03 14:18:27.526577+00,0
0cc0649a-3fa3-4b41-9a01-52ddbf57c496,التجديد في دفتر التقصي للمغامرات العلمية - 6,كتاب مدرسي,2026-09-04 15:25:31.880855+00,0
0cc36416-5cb0-4b64-a7be-08327f5e3d10,واحتي الصغيرة 3/4,كتاب مدرسي,2026-09-13 16:12:12.465649+00,0
0cc79e60-436c-4cb8-8cdd-694483802f07,ESPRIT DE MAYH - 2AC,كتاب مدرسي,2026-08-26 09:53:14.430201+00,0
0cd84fe1-fe7b-44bb-aa7a-b93b56143f23,L'ART DU FRANCAIS - 4,كتاب مدرسي,2026-09-03 15:56:36.136522+00,0
0cdf95d0-8528-4b41-9e28-590e8a02b480,COQUELICOT MANUEL - CE2 COMPLET,كتاب مدرسي,2026-08-31 17:24:48.206541+00,0
0d078950-7034-4d3f-b717-45e4c8c4793c,LE NOUVEAU SESAME - GS,كتاب مدرسي,2026-09-04 10:00:48.902304+00,0
0de05572-03bc-4f40-a8d8-da16182db989,CONNECT THE WORLD - 2,كتاب مدرسي,2026-09-03 19:18:16.580751+00,0
0de55996-6a90-4a55-839e-c54d7e9c998a,"""LE TOUR DU MONDE EN QUATRE VINGTS JOURS"" - biblio college",كتاب مدرسي,2026-08-26 14:37:15.436085+00,0
0e137aa9-dd50-491e-b335-59ecb038eb1f,واحة التربية الاسلامية 1 اعدادي,كتاب مدرسي,2026-09-06 17:12:15.329844+00,0
0ea49e34-1f6f-4a33-a65f-c9ae72a54242,PIXEL INFORMATIQUE INGENERIE - CE2,كتاب مدرسي,2026-09-04 11:56:37.440871+00,0
0eb2116b-b802-4c9a-a97a-cbdd2556b9cd,قصة جبل الالماس - البقالي,كتاب مدرسي,2026-08-26 14:59:02.52912+00,0
0f0a5c81-43c4-4ec7-af98-f29970aa227f,ESPRIT PHYSIQUE CHIMIE ACTIVITES,كتاب مدرسي,2026-08-20 13:15:21.831373+00,0
0f49de28-34db-444c-b058-acabf3d858ea,COLLECTION BRAVO LA FAMILLE,كتاب مدرسي,2026-09-02 15:28:50.784168+00,0
0f6adcdd-df94-4bc3-af44-d80708288082,NEW SMILE SB+WB - 2,كتاب مدرسي,2026-08-31 22:26:59.223168+00,0
0f8be2b3-3487-450b-a901-199cc0dc95fe,النجاح في الاجتماعيات 2 اعدادي,كتاب مدرسي,2026-08-29 18:01:27.830172+00,0
0fa4fe72-7515-4551-8200-f9e0d11ed565,COMPETENCE PC- MANUEL / ACTIVITE - 2AC,كتاب مدرسي,2026-09-05 09:37:20.792841+00,0
0fa9208c-eeae-4730-9f16-91d6926049be,AU JARDIN DES COULEURS - 4/5    / COMPLET,كتاب مدرسي,2026-09-10 17:09:02.119164+00,0
0fbe152e-d004-4242-aa1a-0ad2a43a3662,MANUEL COMPETENCE PHYSIQUE -  1AC,كتاب مدرسي,2026-09-07 09:16:56.970373+00,0
0fc88f7f-b4b1-47aa-b4dd-0fe6b40ace16,SMART START 3 SB +WB,كتاب مدرسي,2026-08-20 14:09:43.731706+00,0
0fd5fd8d-349c-4e8f-9b33-45ac22c5ca1e,المسار في التاريخ و الجغرافيا - جدع مشترك,كتاب مدرسي,2026-08-24 19:46:52.15261+00,0
102ee0ef-d17f-4aa7-8200-1b93d1944712,UNIVERS PLUS - PC 1AC,كتاب مدرسي,2026-09-04 16:20:51.129397+00,0
1045da13-c9f8-4e28-a53c-9dcd6f3409c8,UNIVERS PLUS SVT 1ER AC,كتاب مدرسي,2026-08-20 14:35:43.908979+00,0
104bbc24-b3df-44cc-801b-61d8a07f9ed1,ETINCELLE SVT - 3AC    ACTIVITE,كتاب مدرسي,2026-09-06 02:16:29.077406+00,0
10bee516-42cb-4e04-a975-f3752f762a6e,EXCEL SCIENCE - 4,كتاب مدرسي,2026-08-30 15:43:33.499285+00,0
10da419f-16e5-44ca-9de9-78748e879f93,CAHIER 320/240 GRAND FORMAT,كتاب مدرسي,2026-09-07 10:21:48.968752+00,0
10fe8a03-df20-4747-b0da-69279a589dc2,FRANCAIS - BORDAS  5,كتاب مدرسي,2026-09-02 17:27:00.680937+00,0
1103350d-db5b-42dc-a58a-64587843e032,المشاريع التربوية فينكي 1-2-3 4/5 سنوات,كتاب مدرسي,2026-08-30 16:30:06.828924+00,0
11238879-0db0-48e5-b8f8-896bba07a88c,TRESOR DES MOTS CM2,كتاب مدرسي,2026-09-03 15:09:05.959019+00,0
1166f81d-4e88-4ea5-ad0f-5612be2be756,EXTRA AND FRIENDS - 4,كتاب مدرسي,2026-09-02 11:27:27.071715+00,0
12176abf-e6dd-469e-bf8f-e9763d96a901,ABC EN SCIENCES1,كتاب مدرسي,2026-09-03 11:09:38.502115+00,0
12518335-4a70-437f-be52-3e159fd3a3ca,ESPACE MOT FRANCAIS CE2,كتاب مدرسي,2026-09-02 22:08:29.369485+00,0
12cbeca2-1ba0-4d19-8aa7-7116748bd85d,المجموعة التربوية مفاتيح النجاح - 4/3,كتاب مدرسي,2026-09-03 16:40:58.516655+00,0
12f20755-de90-4c58-a95f-6a5a0629b6c7,مرشدي  في اللغة العربية -  اعدادي2,كتاب مدرسي,2026-09-11 11:34:38.531401+00,0
12fb4139-bc81-43b5-9ad3-4f58d5bdb7e3,كراسة الكتابة - اللغة العربية 1,كتاب مدرسي,2026-08-31 16:05:48.591313+00,0
1331cbd7-6b55-45c2-a348-584cad1cc625,SCI9ENTIVORE - 4,كتاب مدرسي,2026-09-01 15:23:13.136907+00,0
133ae890-07a6-4bd3-9806-26735f15419a,ARCHIPEL MATHS CE2,كتاب مدرسي,2026-08-20 11:03:44.219966+00,0
13867abb-bc83-43d2-895a-195711fd0736,ESPRIT DE SVT 2AC MANUL,كتاب مدرسي,2026-09-07 11:06:07.993464+00,0
139c77e2-de4f-4ca9-be0b-11ee0c9ac260,MAX JULES CAHIER D'ÉCRITURE CP,كتاب مدرسي,2026-09-02 15:49:07.663507+00,0
13c0ca12-fada-4b3e-bc17-a5b3634a316b,مفاتيح النجاح - 5/6   + الانشطة المكملة - عربية / فرنسية,كتاب مدرسي,2026-09-10 18:21:15.38351+00,0
13e22b22-97d9-4d6d-b926-3fd177e20c10,LES CAHIER AROBASQUE 1BAC - PC (s1+s2),كتاب مدرسي,2026-09-12 15:55:24.54721+00,0
143310d2-b645-4837-ae7f-037886fe9376,PETITE EXPERTGS,كتاب مدرسي,2026-09-08 16:54:42.536648+00,0
14494f61-ab4f-420a-88e2-5fcd35e8fb41,صباغة مائية اصفر 250 مل,كتاب مدرسي,2026-08-30 17:41:43.134047+00,0
14808b2a-f195-449b-8573-f5d7fd54e939,CALCULATEUR  - 3,كتاب مدرسي,2026-08-30 15:55:58.970807+00,0
15920368-d8b0-4067-bff3-3776931021d9,ECLIPS DE MATH - 1AC,كتاب مدرسي,2026-09-03 19:17:10.353156+00,0
15ff39cd-7032-4d56-8379-fb28eba87841,تنمية المهارات الحياتية 1,كتاب مدرسي,2026-09-03 11:09:38.711463+00,0
1644b8ec-1b49-428b-a8a2-1b165bcd8c23,المفيد في الحكاية - 3,كتاب مدرسي,2026-09-03 14:18:27.931324+00,0
1663c4e2-40dd-49fd-881e-85e4141433aa,ESPRIT DE MATH - 2AC ECO,كتاب مدرسي,2026-09-07 14:23:43.625509+00,0
168010f5-a4f7-4e75-a057-b04dc7fc7ba6,EXCEL SCIENCE - CP,كتاب مدرسي,2026-09-02 16:06:26.064043+00,0
16996abd-2ac7-44ff-b91d-d7530ad05ed7,ENGLISH IQ 2 -  SB+WB,كتاب مدرسي,2026-09-02 13:09:22.637983+00,0
16b39710-e28f-438a-82b5-fa11a65e2a81,الفرنسية - العربية - الرياضيات - المستوى خامس رائدة,كتاب مدرسي,2026-09-14 16:36:45.578533+00,0
16d95a1e-f131-43ec-bec6-eae14bdbe288,LES PETITS EXPERTS CE1,كتاب مدرسي,2026-08-20 14:15:26.048711+00,0
17103abd-72f8-4d60-b081-246111196f24,واحتي الصغيرة 5/6 المشروع 1-2-3 مع الحكايات,كتاب مدرسي,2026-09-08 17:57:48.454618+00,0
1727e61b-5edc-4e16-93d8-f904c5ab50ab,MANUEL EXPLICITE - MANUEL / EXERCICE/ETUDE DE LANGUE -  CE1,كتاب مدرسي,2026-08-29 11:26:02.321761+00,0
17a0c78c-428f-42ab-997e-96d7eb1847ef,EXTRA AND FRIEND - 4,كتاب مدرسي,2026-09-03 11:56:44.011063+00,0
17b20506-5164-424f-9193-68a316b437ac,LES CRACKS EN SCIENCE - CM2,كتاب مدرسي,2026-08-20 10:56:51.414735+00,0
183442f2-dba4-438a-a27e-fb9092a579af,في رحاب اللغة العربية  - 6,كتاب مدرسي,2026-09-03 12:14:29.162444+00,0
184b6d77-895c-49b6-9b7b-1db50fb19a3a,مرشدي الى واجباتي المدرسية - حجم كبير,كتاب مدرسي,2026-09-05 15:21:23.592099+00,0
184cfe69-cba1-4470-9a0a-b7ca92ec5366,PASSERELLE - FR 3AC,كتاب مدرسي,2026-09-07 21:28:06.35628+00,0
186873a5-1ee7-41db-b278-10e6a5e4d6d2,BESHRELLE - CONJUGAISON,كتاب مدرسي,2026-09-02 14:01:46.001702+00,0
186cfc5d-70d7-44c0-af65-b5119473270d,دفتر التقصي - دار التقافة -5 ابتدائي,كتاب مدرسي,2026-09-03 15:29:16.997257+00,0
1892009d-e717-4e15-964c-1894d57bdedd,في رحاب اللغة العربية - 6,كتاب مدرسي,2026-09-03 15:56:36.270864+00,0
18ae196c-1cf9-4717-858f-928f5f951625,PARCOURS INFORMATIQUE 2AC,كتاب مدرسي,2026-09-07 14:23:42.913941+00,0
194a3d49-76aa-45e1-acf9-5b8deb133d1b,SCIENTIVORE - 1,كتاب مدرسي,2026-09-07 18:02:29.346373+00,0
196f8002-4ff2-4bf8-bf02-ffa5a073d47a,LES PETITS EXPERTS CE2,كتاب مدرسي,2026-09-02 16:00:03.87292+00,0
1989efac-24ef-4a9b-a0de-5a1057fc778f,MES RITUELS EN MATHEMATIQUE CE1 ARISSALA,كتاب مدرسي,2026-08-30 20:29:36.456551+00,0
19ad1271-500d-43fa-aec1-06c83d98aa52,واحتي في انشطة اللغة العربية 3,كتاب مدرسي,2026-09-02 16:00:03.466505+00,0
19cd43bb-8b52-4d30-92a1-ed5eb7c3d135,L'ARCHIPEL DES SCIENCES CE2,كتاب مدرسي,2026-09-09 18:07:44.697941+00,0
19dd4cd6-f50e-44dc-bfa0-ad196b83d9a9,الجيد في الرياضيات - 6,كتاب مدرسي,2026-08-29 14:03:35.661473+00,0
1a387c37-fb81-4ca5-8438-b5ef2d8fe47f,بداية تعلم التربية الاسلامية - الرسالة,كتاب مدرسي,2026-09-10 17:16:58.330971+00,0
1a55c707-3f13-404e-b866-e6b54dbdc521,TOP SCIENCES CM2 MANUEL + CAHIER D'EXERCER,كتاب مدرسي,2026-09-03 15:45:03.000665+00,0
1a55e09d-2911-49c8-9473-5a80fc9f2fd0,ENGLISH JOURNEY - 1,كتاب مدرسي,2026-09-06 22:00:21.209885+00,0
1a96e166-441f-4e3d-8ef3-12dc88b6bb55,ESPACE MOT FRANCAIS CM1 MANUEL,كتاب مدرسي,2026-08-20 14:26:46.694507+00,0
1acee9cd-882f-4afd-934c-1cb58324075c,SUPER MAGIC CP ACTIVIT BOOK,كتاب مدرسي,2026-09-01 10:20:50.291521+00,0
1afb63e8-737e-4a25-b341-34d5a35a3876,INFO CLIC NIVEAU 4,كتاب مدرسي,2026-09-04 16:16:49.933396+00,0
1b0c33c4-d368-46c2-aaa4-574989ccc512,المختار التربية الفنية 2,كتاب مدرسي,2026-09-20 13:33:24.449241+00,0
1b4ea15c-b83c-4bee-b616-2575313907de,سلسلة ألوان - 5/6     +    قصص ألوان,كتاب مدرسي,2026-09-13 16:12:12.034165+00,0
1b6c591f-9f27-46ed-80fe-d064265ee47e,L'AZUR DES LETTRES - FRANCAIS 4 / LECTURE-EXCERCISE,كتاب مدرسي,2026-09-01 14:45:02.501865+00,0
1bc80bf9-d493-4abb-add1-320f8c2586d1,english starship - 3,كتاب مدرسي,2026-08-28 14:19:55.050833+00,0
1bc85208-eb97-42aa-b017-f90390f25904,SVT 2 BAC - SCIENCE MATH A - CDPL,كتاب مدرسي,2026-08-27 10:03:22.861246+00,0
1bca04a6-8084-4a20-be18-4a1a8a01d509,UN NOUVEAU DANS LA CLASSE,كتاب مدرسي,2026-08-21 16:32:23.680965+00,0
1bca38e8-9dc9-4ec2-b903-34ed2c312a94,THE SECRET GARDEN- FRANCES HODGSON BURNETT /TENN ELL RAEDERS/,كتاب مدرسي,2026-09-11 09:21:42.350146+00,0
1be4e789-c6de-4fa0-8800-a9c0844f1b0c,HOT SHOT 4,كتاب مدرسي,2026-09-07 09:02:26.145452+00,0
1c362a00-9d1c-47b6-a445-8d4b51f5673c,AROBASQUE - 2BAC PC - S1+S2,كتاب مدرسي,2026-09-10 01:07:46.995934+00,0
1c4c5585-f1ba-4287-9a35-237d0b768d20,PIXEL INFORMATIQUE - 6,كتاب مدرسي,2026-08-24 15:25:37.597718+00,0
1c84205f-c238-4e49-9c2d-527ca8bf2606,سلسلة قصص العظماء - مؤسسة النهضة للنشر,كتاب مدرسي,2026-09-07 17:42:38.974512+00,0
1cd4f861-80a3-4fbe-99cf-bae28869b4a8,FAIRE DES MATH - 6,كتاب مدرسي,2026-09-04 15:25:31.67093+00,0
1d2a79d1-4f06-4884-9c83-64ffa7855ef0,كراسة الكتابة - 5/6 - الحديقة,كتاب مدرسي,2026-09-02 13:34:47.247921+00,0
1d462a15-bb40-4723-9517-5ec2bf09b1ee,KID'S BOX 2 WB+SB,كتاب مدرسي,2026-08-26 11:37:25.689758+00,0
1db046a9-0e82-45cb-89b6-b7afc2ae21cd,المجموعة التربوية مفاتيح النجاح - 4/5,كتاب مدرسي,2026-09-01 17:56:43.581204+00,0
1e131ece-230a-4d8b-bebf-40fd1568044f,كتابي في اللغة العربية 2 ابتدائي,كتاب مدرسي,2026-08-20 14:12:32.614041+00,0
1e2e4818-7008-449f-8caa-fb0a4ee79bfd,EXTRA AND FRIENDS - 3,كتاب مدرسي,2026-09-01 14:27:40.895116+00,0
1f0874b8-e186-431d-9786-1f9e52c3b310,SPOTLIGHT - 1AC,كتاب مدرسي,2026-09-07 21:28:06.785843+00,0
1f46e2ca-2272-48fa-9d80-a04b41fa46a0,مفاتيح النجاح - 5/6,كتاب مدرسي,2026-08-27 14:12:35.829373+00,0
1f6108f2-5b9a-4c19-9c56-4efbfbab1f33,ESPRIT PHYSIQUE CHIMIE ACTIVITES 1ER AC,كتاب مدرسي,2026-08-20 14:06:13.790966+00,0
1f94ede6-4d54-406d-a934-e241bb34c47f,MES APPRENTISSAGE 6,كتاب مدرسي,2026-09-02 21:25:32.626854+00,0
1f9a9833-093a-4580-8e5a-c0dd42401fde,SCIENTIVORE - 3,كتاب مدرسي,2026-09-10 19:54:40.277422+00,0
1fa453dd-46fc-4ac8-afd7-444a2602be57,ROBOTIQUE ET INTILLEGENCE AI - 5,كتاب مدرسي,2026-09-03 19:40:02.234042+00,0
1feaead3-0a74-4c96-92d8-045db9e25f8d,AL MOUID EN MATH - TC,كتاب مدرسي,2026-09-14 10:38:41.225995+00,0
2071b29c-1592-4fd1-9fe3-d1c1de5515ab,LE MONDE DES MATH - 3,كتاب مدرسي,2026-09-03 14:18:27.323297+00,0
20ae79a0-e589-4f29-a7b7-dc5b698ff97a,SVT  CDPL - SCIENCE MATH - 2 BAC,كتاب مدرسي,2026-09-03 19:27:04.813497+00,0
213343c6-2cba-4626-9f7a-919327311291,أهل الكهف,كتاب مدرسي,2026-09-08 22:24:54.783036+00,0
2153edf1-c7b7-4b64-b906-014612b5d62b,CAHIER D'ÉCRITURE GRAPHILETTRE CE2 MAGNARD,كتاب مدرسي,2026-09-09 18:07:43.84073+00,0
21a1730e-37c1-4cff-8bc4-03fb3245cf04,المفيد في التربية الفنية -3,كتاب مدرسي,2026-09-06 02:35:43.010151+00,0
21fca6ee-143e-42d0-b2b1-ef27bf2a21c3,LES CLES DE REUSSITE 6/5   --   VERS MES ACTIVITES SUPPLEMENTAIRE ET COMPLEMENTAIRE,كتاب مدرسي,2026-08-31 16:51:00.175957+00,0
22143071-0c29-4a77-96dc-f348cccf5f2b,طريق النجاح في المواد الاسلامية - 6,كتاب مدرسي,2026-09-03 15:56:36.810863+00,0
2227c7b8-2a62-4e4f-b9ca-fa2355c108f6,PARCOURS 2AC - FRANCAIS,كتاب مدرسي,2026-09-07 15:52:17.34594+00,0
222db94f-0cdf-4744-960e-f26982e74855,MON CAHIER D'ECRITURE - MA PETIT OASIS - 1,كتاب مدرسي,2026-09-03 18:23:57.857871+00,0
22372fa7-3dc3-476a-bdae-ae78ccd3c7b7,PARCOURS FRANCAIS 1AC,كتاب مدرسي,2026-09-07 14:27:07.354782+00,0
225d4d5c-2c81-40ad-b78c-1afafd4f0fa0,ETINCELLE PC MANUL TCS,كتاب مدرسي,2026-09-11 18:35:45.009567+00,0
228cef07-29d4-4631-b927-d339f747c50b,COMPETENCE SVT - MANUEL / ACTIVITE - 2AC,كتاب مدرسي,2026-09-05 09:37:21.00688+00,0
228d8d81-0ec8-473a-b34a-08909b091338,منار التربية الاسلامية -5,كتاب مدرسي,2026-08-30 16:01:47.033804+00,0
22eea159-fb67-4a0c-bb87-fae82f67bdd5,قواعد اللغة العربية الميسرة  -سلسلة الامة - 5,كتاب مدرسي,2026-09-03 21:45:54.488678+00,0
231b28ad-ebce-4294-8369-e8b3f7b8f138,LES CRACKS EN SCIENCE CM1,كتاب مدرسي,2026-08-20 14:21:40.039683+00,0
23225ce1-5adc-4413-87da-650c64b35884,الجديد في الاجتماعيات 4,كتاب مدرسي,2026-09-05 19:42:43.215234+00,0
2324858b-c4f2-4b9e-93e5-fcfe278b1fb0,المفيد في النشاط العلمي - 2,كتاب مدرسي,2026-09-07 22:30:43.012084+00,0
235edd03-e669-4c33-842b-21c8e73880f8,DEUBLE FEUILLE BLANCH - A5,كتاب مدرسي,2026-09-03 20:04:50.23143+00,0
236fe2ff-acca-4b17-97c1-cf069c738784,CAHIER DECRITURE SEDRAP CM1,كتاب مدرسي,2026-09-02 15:28:50.578869+00,0
23b55a0f-b2b4-49fd-a565-8e2a27bfc69f,PARCOURS FRANCAIS 2EME AC,كتاب مدرسي,2026-09-14 11:25:25.567777+00,0
2446cea4-87cd-41bb-a380-e95b2e22fd9e,المفيد في اللغة العربية 1 ابتدائي,كتاب مدرسي,2026-08-20 14:22:31.066818+00,0
2449a8ee-8e55-4cf3-a79f-d80dab375560,UNIVERS PLUS SVT - 1AC,كتاب مدرسي,2026-09-07 21:28:06.572977+00,0
244c5a65-25a7-48c1-875b-2462d8e668ba,الواضح في الصرف و الاملاء - خليل البحري,كتاب مدرسي,2026-08-24 14:55:02.554804+00,0
24b48a54-ffeb-4f6a-853a-a0b16b656f6a,KIDS BOX  - 3,كتاب مدرسي,2026-09-03 20:07:59.154733+00,0
24eba09d-1ebc-4cd2-93a0-2ae861c11400,كتابي في اللغة العربية 2,كتاب مدرسي,2026-09-09 15:38:11.729622+00,0
24f573c6-5a3c-4b80-86d4-afe40f373047,قاموس عربي انجليزي,كتاب مدرسي,2026-09-09 13:21:46.517364+00,0
255e060a-4791-4c1d-973e-e758ca534d57,GO GLOBAL 2,كتاب مدرسي,2026-08-30 18:25:56.77892+00,0
25776f4d-0156-4d6f-b5be-0af58e363338,KIDS ZONE 5 WB+SB,كتاب مدرسي,2026-08-26 11:40:35.023645+00,0
257caeb5-173c-4137-88e8-79aefb45738d,رحلة الكلملت - 5/6 - (1-2-3),كتاب مدرسي,2026-09-04 10:00:49.36318+00,0
25805162-27d7-4dfa-b92e-d469d357e451,المنير في التربية الفنية - 4,كتاب مدرسي,2026-09-07 17:42:39.611389+00,0
2586cbe6-e6a9-4932-a2b3-c0229a5c5480,المفيد في النشاط العلمي 2ابتدائي,كتاب مدرسي,2026-09-05 11:48:27.641357+00,0
25a5865f-6eeb-4cc6-a5ac-723669e67a93,MON EVEIL SCIENTIFIQUE - 3,كتاب مدرسي,2026-09-03 20:07:58.521064+00,0
25a5b319-569c-4ef0-8f26-ce74e2dad086,HISTOIRE - EN SORTANT DE L'ECOLE - MAGNARD,كتاب مدرسي,2026-08-30 17:43:39.337195+00,0
25e46b92-ed85-4ef2-a323-96f9e37eb193,GENIE DES SCIENCES 6AP SANS CAHIER,كتاب مدرسي,2026-08-27 20:48:05.992533+00,0
2625de80-b0bd-40ec-ba15-f6867a6c0c83,EFFACEUR,كتاب مدرسي,2026-08-22 11:13:24.031903+00,0
264bdd75-8673-43c1-87b7-71e63a417be6,كراسة الكتابة - 5/6,كتاب مدرسي,2026-09-02 10:50:32.710031+00,0
26997f2b-e6cf-4743-98a6-d6b2a8efba8e,مفاتيح النجاح - 3/4 عربية +فرنسية,كتاب مدرسي,2026-08-28 11:04:33.415934+00,0
26bcaa1b-8c3d-4de0-9cdf-2d26bc76712c,عالم التربية الفنية - 1,كتاب مدرسي,2026-09-07 17:17:29.825215+00,0
26f6d127-729a-4d8a-8a2d-7ab2162896ba,المعين في الانشاء,كتاب مدرسي,2026-08-29 14:03:35.238448+00,0
27234281-2850-4e6b-bc6a-dac913d988c3,MA MALETTE PC 2AC,كتاب مدرسي,2026-09-08 16:31:53.674436+00,0
27432ef0-10bb-4a12-92ff-5a44c9c5235a,MON EVEIL SCIEN CP,كتاب مدرسي,2026-09-08 16:54:41.694975+00,0
27a1bd50-705b-47d8-937d-299b4d73d845,MANUEL EXPLICITE ETUDE DE LANGUE -1,كتاب مدرسي,2026-08-30 15:43:33.925032+00,0
27f1b7d2-0a10-46c5-a553-3954e8724e08,MON CAHIER ECRITURE OASIS CP,كتاب مدرسي,2026-09-06 16:39:26.841104+00,0
27f1cf6d-1c92-4cef-976b-a91654bd811f,EXCEL MATH - 1,كتاب مدرسي,2026-09-07 17:03:23.702008+00,0
283af706-1e5b-48af-955a-557c1de663cc,INACOPIA 80G,كتاب مدرسي,2026-08-28 16:16:34.858386+00,0
285ac6d7-deac-43cf-8a03-6cce881df595,الاساسي في التربية الفنية - 3,كتاب مدرسي,2026-09-07 17:39:38.636575+00,0
28b0a007-b4f3-4081-bab8-e7b0cebfc966,# ENGLISH 2 WB + SB,كتاب مدرسي,2026-09-08 16:31:54.301188+00,0
28b15cdf-adcc-4bdb-bccc-da1c557e6219,منار في التربية الاسلامية - 5,كتاب مدرسي,2026-09-06 21:17:18.431877+00,0
28f79bf4-3c06-4e33-acef-06f5abd1d0ff,EXTRA AND FRIENDS - 6,كتاب مدرسي,2026-09-04 15:25:31.246897+00,0
29418031-8572-4ac9-873f-0eaaa605f7ef,NOUVEAU DANS LA CLASSE,كتاب مدرسي,2026-08-20 10:05:42.792552+00,0
29eb538b-0256-4e8d-87ba-884e973013fe,CRAYOPN DE COULEURS PF - ORDINAIRE,كتاب مدرسي,2026-09-03 14:23:12.229974+00,0
2a367650-521d-4221-95e3-3697f5ee46c2,رحاب اللغة العربية  - 6,كتاب مدرسي,2026-09-15 18:49:09.972284+00,0
2a4b91b2-e721-4698-bc17-10e6e9bac18c,تبسيط الانشطة التطبيقية - 3,كتاب مدرسي,2026-09-04 16:32:35.724999+00,0
2a9cb677-5c7f-477b-8519-8b43406b00eb,ENGLISH LAND 1,كتاب مدرسي,2026-08-31 16:05:49.223865+00,0
2aa17821-6f48-4eca-9dea-c913c48ba276,ECLIP¨SE DE MATH  1 AC - HOMOLOGUE,كتاب مدرسي,2026-09-01 14:53:26.216499+00,0
2ab497dc-b288-4b2f-96f6-3e179fa34719,سلسلة المسرح المدرسي - دار الرشاد الحديثة,كتاب مدرسي,2026-08-20 10:36:19.622034+00,0
2ace356f-fa16-4c75-a0ca-6248f76c81df,SMART ENGLISH  - 2,كتاب مدرسي,2026-08-30 14:57:38.894698+00,0
2ae56427-2d2e-4a4c-99e4-e4fef683c889,ESPRIT SVT - 2AC MANUEL + ACTIVITE,كتاب مدرسي,2026-09-06 01:32:44.543875+00,0
2b11212e-2d4c-4fa0-8ad6-19a41e11e94b,LA CLASSE DES SCIENCE- 2,كتاب مدرسي,2026-09-07 10:23:50.000634+00,0
2b31a99d-cdd0-4412-925c-a0d5d425d4b9,HOT SHOT 2,كتاب مدرسي,2026-09-01 14:45:02.72147+00,0
2b923d5d-7036-469c-94df-c32887998f6d,TABLIER DE PEINTURE,كتاب مدرسي,2026-09-10 10:06:57.585265+00,0
2bb27a63-5030-4491-9e98-8d63cedb543a,a moi d'ecrire 4/5 + cahier niveau 1,كتاب مدرسي,2026-08-27 15:19:00.787337+00,0
2c1891e6-ece1-435c-bdd9-e86519015d3f,LA CLASSE DES SCIENCE  - 2,كتاب مدرسي,2026-09-07 09:04:54.269701+00,0
2c3adc5f-bc99-49ba-a062-058c2c97424b,MAXI MATH - 1AC,كتاب مدرسي,2026-09-06 17:35:18.548722+00,0
2c4c79af-a6a2-43b5-887f-2707258450c8,ON SCREEN 1,كتاب مدرسي,2026-09-07 12:35:00.525388+00,0
2d137392-204e-45e1-a05b-18371d9b4620,COMPETENCE SVT - MANUEL / ACTIVITE   - 1AC,كتاب مدرسي,2026-09-08 16:56:49.652895+00,0
2d8bce06-28ba-4d83-bd7b-3859a030d425,MES APPRENTISSAGE EN FRANCAIS - 6,كتاب مدرسي,2026-09-02 15:40:42.043208+00,0
2ddbd211-e079-493a-8406-ea59b9fa7d42,عقد الخط و الجواهر 2,كتاب مدرسي,2026-09-06 17:09:08.77089+00,0
2e1aa07d-66cf-484b-9aa8-f4152adc4887,المسار التاريخ و الجغرافيا - جدع مشترك,كتاب مدرسي,2026-09-07 09:02:25.929855+00,0
2e1b4750-8e0d-4fbb-b96f-ebef4780d525,ESPRIT PC - 1AC / MANUEL,كتاب مدرسي,2026-09-04 08:37:54.66682+00,0
2e29dc65-07de-431e-9474-fd4caabb3c54,BORDAS  - 5,كتاب مدرسي,2026-09-10 01:07:47.85894+00,0
2e3efef3-727f-40a0-af02-14d49751889a,PARCOURS 1AC,كتاب مدرسي,2026-09-07 09:16:58.025552+00,0
2e505777-9205-44ea-9e0d-3161447852d5,قصة المنتشي و المرتشي,كتاب مدرسي,2026-09-06 17:57:03.56974+00,0
2ea68723-a16d-44e3-bef2-b32662b5a999,SMART ENGLISH- 3,كتاب مدرسي,2026-09-10 19:59:54.333244+00,0
2ebc2910-44a4-463b-94be-962ea9d9ede2,INFO CLIC NIVEAUX,كتاب مدرسي,2026-09-04 16:15:33.129634+00,0
2f2521f6-1522-4dbc-986c-c4efa5a51c4f,MAXI MATH - 2AC,كتاب مدرسي,2026-09-07 15:52:17.204524+00,0
2f278b95-b2e9-4fc1-bb70-df2955911278,SWITCH5,كتاب مدرسي,2026-09-04 20:06:43.548309+00,0
2facc9bf-15c7-4f71-bc55-c5a93c58ae2c,ENVELOPPE 25 - MOYENNE,كتاب مدرسي,2026-09-04 18:21:27.923004+00,0
2ffa808f-c84c-4eb1-87ff-89a6b79cc765,الجديد في التربية الفنية - 5,كتاب مدرسي,2026-09-02 18:06:44.687825+00,0
30020f1e-2fdb-4a60-af11-fc31aa4585f8,ARC EN CIEL - EB3,كتاب مدرسي,2026-08-31 15:52:27.945947+00,0
304bd10b-fd63-4940-9af5-4804f2d01b98,ECLI¨PS MATH - 1AC,كتاب مدرسي,2026-09-07 09:16:56.757503+00,0
3054c793-1a83-4310-812f-e91e381a1470,المفيد في الرياضيات -4,كتاب مدرسي,2026-09-02 15:28:51.402534+00,0
309902dd-5a3e-442c-b71c-d7e4921fff8d,مرشدي في اللغة العربية -5,كتاب مدرسي,2026-08-30 16:01:46.817851+00,0
30b450d5-fdf9-4062-b207-458994059940,OBJECTIF SCIENCE PLUS - CP,كتاب مدرسي,2026-09-05 22:08:53.117319+00,0
313d8b59-848f-41a0-b03f-02e133ec7110,PAS A PAS INFO - 4,كتاب مدرسي,2026-09-04 16:57:07.604966+00,0
318130c9-5ca6-40e6-bea4-c1fa587ebe6e,الواضح في اللغة العربية 4 ابتدائي,كتاب مدرسي,2026-08-20 09:08:20.36246+00,0
319392c4-778b-47e7-b80b-829d86bc11b7,OBJECTIF SCIENCE - CE2,كتاب مدرسي,2026-08-31 17:24:48.625937+00,0
31c994b4-d9f8-4de0-8189-41e1fe7cd6bf,BIEN LIRE ET COMPRENDRE,كتاب مدرسي,2026-08-30 14:57:38.45009+00,0
31e268af-0c4c-416d-8b06-504ec8f450d7,ENGLISH JOURNEY - 3 SB+WB,كتاب مدرسي,2026-09-04 16:32:36.37077+00,0
326dd04c-14d2-44a1-afc2-758fecd06e28,MATH AU CM2 - CAHIER GEOMETRIE,كتاب مدرسي,2026-09-01 13:45:59.426533+00,0
327718e6-f337-47dc-801e-7969027e750b,L'AVARE - BIBLIO COLLEGE HACHETTE,كتاب مدرسي,2026-09-11 12:26:53.172644+00,0
3299d407-0b3a-4633-bf2d-accf43172bb2,DOREMI  GS CAHIER MATHEMATIQUE,كتاب مدرسي,2026-09-06 01:50:52.890348+00,0
329c296c-5142-466e-98cc-02471aa0fa36,المفيد في اللغة العربية  -1,كتاب مدرسي,2026-09-04 19:57:48.061222+00,0
32b79bc5-4b39-4dfe-862e-682ccabd4677,ROBERT JUNIOUR,كتاب مدرسي,2026-09-10 19:54:40.709113+00,0
32b98f65-a39f-461c-8393-78261c853afe,فضاء النشاط العلمي - 6,كتاب مدرسي,2026-09-10 19:12:50.195565+00,0
32e8db93-2459-4c82-a1ff-b9d986b80d5c,كتابي اللغة العربية - 2,كتاب مدرسي,2026-09-07 09:04:53.617271+00,0
331ab620-1686-4f2e-873e-d4e838d5493b,LE MONDE DES MATH - 5,كتاب مدرسي,2026-09-02 22:30:32.600308+00,0
332324fb-6341-45fd-8b15-0f388a3da952,AL MOUFID EN MATH - 2BAC SVT,كتاب مدرسي,2026-09-08 19:26:27.837315+00,0
334b76a3-47b8-4175-839d-31b50adad3aa,CAHIER 384 GF - CALIGRAPHE (ANCOR),كتاب مدرسي,2026-08-29 15:55:36.837368+00,0
336bedb2-b2c6-44e9-82d8-a4124c9f714d,الواضح في التربية الاسلامية 1,كتاب مدرسي,2026-08-29 15:53:59.553616+00,0
339d0cfa-486f-4a01-94f2-bb80e81c25ce,DE L'INFORMATIQUE A LA ROBOTIQUE - CE2,كتاب مدرسي,2026-08-31 15:52:06.47318+00,0
33acb97a-5ccc-426a-aaf1-8c4b046c262e,واحتي في انشطة اللغة العربية  - 4,كتاب مدرسي,2026-09-06 19:05:01.956929+00,0
33f54d4a-f012-4caa-99ff-a67338059338,NENUPHAR - 4,كتاب مدرسي,2026-09-03 11:56:43.808344+00,0
3420fd50-0c7a-4365-b119-e3217e2eb888,الجيد في الرياضيات - 4,كتاب مدرسي,2026-09-03 11:56:44.21462+00,0
344452b0-1817-466e-af71-9cc7a2b110c8,ROBOTEX 6,كتاب مدرسي,2026-08-24 20:48:31.50507+00,0
345229ce-4de5-4077-a030-56d8e58befc1,BONNES NOUVELLE DU MAROC + CAHIER D'ACTIVITÉS,كتاب مدرسي,2026-08-30 18:25:56.565847+00,0
348cfff1-8ac0-4ba5-89ea-2b26023a8996,SMART ENGLISH 6,كتاب مدرسي,2026-08-31 10:12:01.865668+00,0
34c7129f-262f-4efe-8194-fceab1aeb749,COMPETENCE SVT - MANUEL / ACTIVITE,كتاب مدرسي,2026-09-07 15:39:48.635165+00,0
34df01aa-be4e-4df0-8181-a61b3f35378c,MATHIVORE - 5,كتاب مدرسي,2026-09-01 14:59:58.112934+00,0
34f14fd1-c4c1-4971-ac0e-882029510ef4,مجموعة قصص من عالم الحيوان - العربي بن جلون,كتاب مدرسي,2026-09-07 17:39:38.420411+00,0
34f5ee87-e464-417f-8c6f-413b41037a0c,عالم الصغار 6/5,كتاب مدرسي,2026-09-10 13:49:08.117804+00,0
34f7f7f2-b158-4288-88ba-0b3e04ac5189,MAXI PC 2AC MANUL,كتاب مدرسي,2026-09-07 14:23:43.482067+00,0
35156427-7ab5-41f0-96c9-c76e7dada7ad,EXCEL SCIENCE - 1,كتاب مدرسي,2026-08-30 15:43:34.205434+00,0
35613748-a26f-4ae7-b51a-4af535ba32f2,منار اللغة العربية  - TC,كتاب مدرسي,2026-09-14 10:38:41.057133+00,0
3566d74c-dfcf-4e4f-b23e-5b86bb32c37b,SCIENTIVORE - 5,كتاب مدرسي,2026-09-07 18:02:27.285707+00,0
3575480d-1fcd-4d56-8e7a-e1b17ee67b14,SUPER MATHS 5,كتاب مدرسي,2026-09-07 17:50:09.581083+00,0
35dce7cf-47b1-465e-87cd-c8a8007a4022,الدليل التطبيقات 4,كتاب مدرسي,2026-09-08 16:31:53.044195+00,0
35e377e4-f090-467e-b284-f4ca5da69647,L'AVARE - HACHETTE,كتاب مدرسي,2026-08-31 16:02:28.286136+00,0
35ead412-bbdc-47e2-be61-7ce9a03b98d1,EXCEL MATH -6,كتاب مدرسي,2026-09-10 19:10:11.560969+00,0
35ed43be-4115-4641-a357-49a7d9187591,2AC L'ART DU FRANCAIS - 4 COMPLET,كتاب مدرسي,2026-09-17 12:50:14.480247+00,0
35ff65cd-4df6-4915-a1d3-7d21bd73ecb4,LA CLASSE DES SCIENCE - 5,كتاب مدرسي,2026-08-28 16:15:10.874128+00,0
364c2481-23fa-418e-94d9-caebe23ad891,ROMAN : LILE AU TRESOR EDITION ROUGE ET OR,كتاب مدرسي,2026-08-29 14:40:27.115549+00,0
365102e8-de77-4d2b-bd7c-7d535b328e60,DEFI D'ENFER - EDITION J'AIME LIRE,كتاب مدرسي,2026-09-08 17:25:06.813273+00,0
3735e58d-1144-4cc6-b877-af9d7f4839c1,DECOVRIR L'INFORMATIQUE - 1,كتاب مدرسي,2026-09-03 15:08:19.129949+00,0
37befb91-96e5-4c8e-8dff-79ceacb5e15f,LECLAIR DE FRANCAIS CE1,كتاب مدرسي,2026-08-28 16:50:36.491608+00,0
3819599a-544d-4c21-a9f9-712c79db40e1,SMILE - 6,كتاب مدرسي,2026-09-10 19:10:11.777889+00,0
38419834-2925-4c2d-af9c-e598208090f1,رحلة الكلمات - 5/6,كتاب مدرسي,2026-09-10 17:16:57.89812+00,0
385a8474-e957-4d25-84e8-49a0d0d598ce,HOT SHOT - 1,كتاب مدرسي,2026-08-26 14:37:16.074709+00,0
38726061-c996-4519-83a4-480ba4cbdd4f,كتابي في اللغة العربية - 6,كتاب مدرسي,2026-09-02 17:40:51.222336+00,0
38a9a6d4-f1ae-480e-a93a-a2dcd8adbf11,CAHIER D'ECRITURE LE NOUVEAU VIVRE LE FRANCAIS - CM1,كتاب مدرسي,2026-09-12 15:41:35.195638+00,0
38d2a5ef-60c7-49a3-9116-0acee4b1ce8f,المعين في القواعد و الاعراب,كتاب مدرسي,2026-08-20 10:55:10.21884+00,0
3910d243-8afa-45a4-8123-4ba00debb51c,PIXEL INFORMATIQUE CE1,كتاب مدرسي,2026-08-20 10:45:49.982579+00,0
3961eb57-d518-4966-ae4a-46b27262ea84,AROBASQUE - TC,كتاب مدرسي,2026-09-09 17:35:17.897262+00,0
39988dd1-501a-468a-ad47-13d25d96324d,HORIZON INFORMATIQUE - 1AC,كتاب مدرسي,2026-09-01 14:53:27.066817+00,0
39ec8705-7e49-4f9c-9b58-67735e864c09,TOP MATHEMATIQUE  MANUEL /EXERCICE- 3,كتاب مدرسي,2026-09-08 09:11:07.057629+00,0
3a1f5de4-edc1-4b87-a2ce-419e268fd583,LE PETIT MATHEAU CE1,كتاب مدرسي,2026-08-28 16:17:44.399649+00,0
3a6ac26a-1f42-499d-9dec-dd0bebb6ff36,COQULICOT CE2,كتاب مدرسي,2026-08-24 15:24:26.928377+00,0
3b10302e-0171-4838-9840-541d82be78f0,TERRE DE LETTRE - 5 LIVRE NATHAN,كتاب مدرسي,2026-09-06 17:35:17.901754+00,0
3b770bd3-7e66-444b-8b3b-76fceadc784b,INFORMATIQUE ET ROBOTIQUE AU COLLEGE AI - 2,كتاب مدرسي,2026-09-02 13:09:22.844449+00,0
3bf8d3a2-4e6e-4168-8c06-739a9d0b2500,ESPRIT SVT 1ER AC,كتاب مدرسي,2026-08-20 13:15:21.402354+00,0
3c0c59e9-7e2c-40e7-86b5-b52dc9b9b4f9,في رحاب التاريخ ج م ادب,كتاب مدرسي,2026-09-01 08:43:34.550603+00,0
3c4ef890-3415-4d93-8fd4-33b194a4b797,مرشدي في اللغة العربية 5 ابتدائي,كتاب مدرسي,2026-08-20 14:26:46.275738+00,0
3c68cac7-7c8c-4a3e-b426-b5fadd8425d3,COLLECTION L'ECLAIRE DE FR - CE1,كتاب مدرسي,2026-09-06 20:06:34.438209+00,0
3c6c2da9-2632-4143-a747-a242824853d1,LA SUITE EXPLICITE - CE1,كتاب مدرسي,2026-09-02 15:24:24.455031+00,0
3c902f54-02fb-4730-9d6d-53b42fabdc98,بداية تعلم التخطيط و الكتابة - الرسالة,كتاب مدرسي,2026-09-10 17:16:58.116095+00,0
3c92d41a-3bcd-42f4-98eb-275594738333,LE P'TITE MATHEUX CE1,كتاب مدرسي,2026-08-21 16:11:05.332889+00,0
3c9bef0c-b395-4be8-bfb1-8dd583c90c0b,المنير في اللغة العربية 5,كتاب مدرسي,2026-08-27 11:36:59.262517+00,0
3cefeb11-b44e-4240-9354-3893c794a423,COLLECTION ETAPE PLUS 1AC MANUEL,كتاب مدرسي,2026-08-20 13:15:20.753581+00,0
3d0822a4-48cd-4437-9fd6-9bd6c7ca000a,INFORMATIQUE ET ROBOTIQUE - 1AC,كتاب مدرسي,2026-09-04 08:37:54.879705+00,0
3d2b4b81-b4b9-41c6-9fde-74a26442f43d,TABLIER DE COLORIAGE,كتاب مدرسي,2026-09-10 17:09:02.336332+00,0
3d45e557-99fc-4b5c-ba79-c27a79e4bd22,KID'S BOX WB+SB 6,كتاب مدرسي,2026-08-20 10:07:31.94664+00,0
3dbc138b-1a82-4d26-84e8-4f5f0344953b,NEW SMILE SB+WB - 6,كتاب مدرسي,2026-09-03 19:16:47.843826+00,0
3dce3ee5-e1c6-4ff3-adef-0cd5e79efc28,LE TRESOR DES MOTS- 4,كتاب مدرسي,2026-09-07 17:42:38.548305+00,0
3ddb75c8-0e86-408f-8239-b893f7fb5519,LECOLE DE RITUELS - 3,كتاب مدرسي,2026-09-06 00:34:49.126856+00,0
3df95bd9-6182-4535-a4c8-bb0591a04966,SMART ENGLISH - 2,كتاب مدرسي,2026-09-05 15:07:01.889389+00,0
3dfd8719-d89e-4112-bdb3-df696e03fc87,المفيد في اللغة العربية - 3,كتاب مدرسي,2026-08-27 15:16:40.185942+00,0
3e55e228-2663-40b6-a2e6-048b6dfa0a28,INSIDE OUT 5 SB+WB,كتاب مدرسي,2026-09-03 15:45:03.270885+00,0
3e67bc54-7405-46d3-916d-63df49010b0e,GENIE DES MATH PLUS CE2,كتاب مدرسي,2026-09-03 15:12:05.900932+00,0
3ecf5579-a0e2-4513-8c9e-8da093678028,NENUPHAR - CE1,كتاب مدرسي,2026-09-05 21:20:38.251429+00,0
3ee1ed82-a637-426f-ab87-91165c91589e,SCIENTIVORE - 1+2+3+4+5+6,كتاب مدرسي,2026-08-26 12:46:51.531041+00,0
3f1a6dd3-66af-4024-844c-fe38c6fef73c,CALCULATEUR 4APG,كتاب مدرسي,2026-09-04 16:15:32.916261+00,0
3f442665-93ad-4413-a4fd-486292be010d,CALCULATEUR MATHS 3+4+6+1,كتاب مدرسي,2026-08-28 16:50:35.368889+00,0
3fbc8bf2-9724-4f0c-876c-a3078c27c8ff,HOT SHOT 1 WB  + SB,كتاب مدرسي,2026-09-08 17:09:55.350188+00,0
3fd90643-7813-46ae-92f7-15e33bcbdcee,J'APPRENDS EN MATERNELLE GS - 1 ET 2,كتاب مدرسي,2026-09-06 01:50:52.676151+00,0
40582615-3d9a-4a9a-a031-d6d8fc660767,LA CLASSE SCIENCES 4,كتاب مدرسي,2026-09-08 16:31:52.624324+00,0
415279c3-6472-4644-b8ce-6ad54e82ab3c,le temps des math - ce1,كتاب مدرسي,2026-09-17 14:26:26.732947+00,0
415e38ef-2d4d-4298-80e7-97acf0c03a13,COLLECTION COMPETENCE 1AC PC- N°PICM1812321,كتاب مدرسي,2026-09-01 14:53:26.428209+00,0
4177c83b-d053-4a3b-bce7-fe5d40b83ee7,SWITCH ON 2,كتاب مدرسي,2026-09-04 19:36:59.310136+00,0
41cb2438-e45f-401a-b310-356433b5d41e,منار اللغة العربية 6 ابتدائي,كتاب مدرسي,2026-09-08 16:31:55.625421+00,0
41d8d785-5589-4aa8-bafb-19da3bf0fbd5,HORIZON INFO - 1,كتاب مدرسي,2026-09-07 15:39:48.778052+00,0
41f213be-386f-4888-ab7c-159d47809a77,رجال في الشمس,كتاب مدرسي,2026-09-11 12:37:51.208942+00,0
420b4073-18bb-491c-86a3-4afaaaaede7f,SUPER MAGIC 3,كتاب مدرسي,2026-08-31 15:52:06.684652+00,0
425fdfa3-e44a-49b2-8696-29219a044c08,مرشدي في اللغة العربية  -  اعدادي 2,كتاب مدرسي,2026-09-08 08:43:50.349373+00,0
4262089c-3e5b-4694-92fa-3cb36a62611f,LE FRANCAIS METHODES TECHNIQUES ED NATHAN 2020 TCS,كتاب مدرسي,2026-09-11 09:21:41.921765+00,0
42a456bf-2b99-41e1-8cf1-571581b6f359,INFORMATIQUE E ROBOIQUE - AI 2 ANNEE COLLEGE,كتاب مدرسي,2026-09-09 19:04:57.418683+00,0
42c09613-f339-4adb-87d2-d2ca04057872,ARCHIPLE MATH - CP,كتاب مدرسي,2026-08-27 18:52:42.023952+00,0
42dee8c6-7f66-4af5-ae2c-37dfcdd234cb,ETINCELLE ACTIVITE - PC 1AC,كتاب مدرسي,2026-09-06 23:09:47.315414+00,0
4305c7bf-aa75-4701-aa9a-24178455bde4,ENGLISH DOWNLOAD - A1,كتاب مدرسي,2026-08-31 15:58:00.008604+00,0
4308ad2a-2a42-44c8-aecf-ee61e3cc54c4,Mon eveil scientifique cm1,كتاب مدرسي,2026-08-28 17:00:45.239828+00,0
432daf31-6638-49ad-8c3f-2ad1e1be94e0,الواضح في اللغة العربية - 4,كتاب مدرسي,2026-08-30 15:51:11.458939+00,0
4341020b-c7f8-41a5-996f-1900578f6c5b,COQUELICOT MANUEL - CP,كتاب مدرسي,2026-08-30 12:19:00.374256+00,0
4347f073-7a55-4b8b-92bf-b535500ee27c,LES CRACKS EN SCIENCE CE2,كتاب مدرسي,2026-08-20 14:21:39.755381+00,0
434cf4f9-a96e-4ef6-abb2-7c7502e529d7,المفيد في الرياضيات 1,كتاب مدرسي,2026-09-01 17:42:06.637226+00,0
43999e59-0b2a-421e-b314-c530381c40fa,ETINCELLE - PC TCS CAHIER D'ACTIVITÉS,كتاب مدرسي,2026-09-03 12:48:15.678535+00,0
43d1198c-8938-433f-a623-a1f1db73cd61,COQUELICOT - CM2,كتاب مدرسي,2026-09-06 01:54:13.879484+00,0
4409cd90-6733-4c35-9ae2-0d47bfa35357,LECLAIR DE FRANCAIS CM2,كتاب مدرسي,2026-09-09 17:01:21.084538+00,0
448ee0f3-7a61-4548-8d7e-5a44e42bc965,INFORMATIQUE ET ROBOTIQUE AU COLLEGE - 3AC,كتاب مدرسي,2026-09-11 12:37:50.634799+00,0
4498c066-4e88-4d0c-ad43-5293faa8cfbf,SMILE - 2,كتاب مدرسي,2026-09-06 00:34:49.362997+00,0
44b7cbef-8076-420a-b44d-6d91d7e0a954,قصة من سلسلة الاخلاق المجد للنشر و التوزيع,كتاب مدرسي,2026-08-30 18:25:57.20339+00,0
456c0900-6fed-44ca-a97c-5157e37df5af,المفيد في اللغة العربية  - 4,كتاب مدرسي,2026-09-06 19:05:01.745222+00,0
458670fa-ec24-4c65-b8b4-fc535384b41f,THINK 2 B1 - SB + WB,كتاب مدرسي,2026-08-29 11:28:13.279747+00,0
459e307d-5782-42ac-a752-c634eb68e745,EXPLICITE CAHIER EXERICICE - CP,كتاب مدرسي,2026-09-01 19:37:02.143201+00,0
462f580f-cfb9-437f-bbab-eb5848944f7c,COMPUTER SCIENCE AI,كتاب مدرسي,2026-08-26 12:28:42.506248+00,0
46d3d9df-722a-4433-883e-680e381f0e79,كراسة التلميذ -سلسلة الامة - 5,كتاب مدرسي,2026-09-03 15:29:17.270853+00,0
4730b286-ee61-4d83-9858-b1b2d9d8d64d,SUPER MAGIC CP,كتاب مدرسي,2026-08-31 17:30:37.658503+00,0
474cbd3b-07eb-40f1-b00e-f81d7d931d44,TICKET TO ENGLISH 2 WORK BOOK,كتاب مدرسي,2026-09-01 09:36:44.966792+00,0
476a9406-1d07-411a-97d2-e1e39b9706c4,رحاب التربية الاسلامية - 6,كتاب مدرسي,2026-09-15 18:49:10.275621+00,0
479782f6-f261-4542-adda-9131f7e11ce7,المفيد في اللغة العربية 1 اعدادي,كتاب مدرسي,2026-08-20 13:15:20.50824+00,0
47ab6076-4cee-44e7-97ad-6d1da8d9e330,LA CLASSE DES SCIENCE  -4,كتاب مدرسي,2026-09-03 11:56:44.416649+00,0
484ebfc7-2e05-4ecf-9fab-c7dede42bf52,MA MALETTE MATH 2AC,كتاب مدرسي,2026-09-08 16:31:53.465272+00,0
485b93cb-2f3b-48a7-b9c7-c7dc502ae33f,ARCHIPLE MATH  - 6,كتاب مدرسي,2026-09-02 14:01:45.587517+00,0
48b12bfe-06a6-48a8-9305-5acd6d9d3d8c,الواضح اللغة العربية - 4,كتاب مدرسي,2026-09-03 15:56:35.862542+00,0
48bd235d-ffa3-4fa5-ae60-00979d53221e,EXCEL MATH 6,كتاب مدرسي,2026-09-07 15:49:39.416401+00,0
49007865-b82d-4988-a4e8-785b7ceb10d5,ENGLISH DOWNLOAD - B2  / SB+WB,كتاب مدرسي,2026-08-27 10:03:23.719555+00,0
491e3b75-54e0-4261-beeb-a3cd1f406892,UNIVERS PC 2 AC,كتاب مدرسي,2026-09-06 18:13:09.583606+00,0
4926a85b-852b-4acb-9142-49e63ace344c,مرشدي في اللغة العربية  - 2 اعدادي,كتاب مدرسي,2026-09-02 13:09:22.013716+00,0
49bb64bc-241d-429f-a8e6-dd75afe52d25,POUR COMPRENDRE LES MATH CM2,كتاب مدرسي,2026-09-12 16:15:19.98598+00,0
49f6a95d-443b-4672-987f-def1f335dc6f,AL MOUFID EN PHYSIQUES CHIMIE SM 1 BAC,كتاب مدرسي,2026-08-22 12:33:33.060701+00,0
4a1c2465-1ea3-4c7f-9cc5-7b2a614d990a,THINK SB + WB 4 B2+,كتاب مدرسي,2026-08-20 10:30:17.512554+00,0
4a2b068c-84f7-4769-8d2c-9c2f8c4d3cc2,HISTOIRE - CONTE DES INDIENS D'AMERIQUE - MAGNARD,كتاب مدرسي,2026-09-08 09:11:06.842375+00,0
4a666813-75f4-4002-bdd6-d8c9a90fcf51,EUCALYPTUS 1ER AC,كتاب مدرسي,2026-08-20 14:35:43.695049+00,0
4aa5191f-4967-46b5-ae0b-3ceb648d642c,HORIZON ENGLISH 3,كتاب مدرسي,2026-09-07 14:23:43.196865+00,0
4afa48e1-cd9e-4aa9-9dd8-316291da5754,ARC EN CIEL - GS,كتاب مدرسي,2026-09-04 12:10:16.842273+00,0
4b0cef2d-f0be-4c1f-b954-7e2662e00abc,MON EVEIL SCIENTIFIQUE - CM2,كتاب مدرسي,2026-09-06 01:42:59.374854+00,0
4b7afa86-1506-4d05-9970-393eb1a28e27,ACTION MATH - 3,كتاب مدرسي,2026-08-28 16:16:37.381317+00,0
4bb44529-fc3c-4c1f-8321-27c85f48fc52,EXCEL MATH - CM2,كتاب مدرسي,2026-09-01 20:48:49.752807+00,0
4bf0a66f-da8f-482b-9566-c54db49c5aed,MAXI MATH  - 1AC,كتاب مدرسي,2026-09-12 12:09:57.787127+00,0
4c3f8e55-c856-4f59-ae6c-0a146a291ad8,PACKS NéNUPHARE CM1,كتاب مدرسي,2026-09-02 22:08:27.602231+00,0
4c5a7540-2d10-4640-a3fa-3361035e8bb6,HORIZON INFORMATIQUE NIVEAU 1 COLLEGE,كتاب مدرسي,2026-09-03 19:17:10.775972+00,0
4c93683c-b761-44e5-89a9-f506f90e3799,الرائد في اللغة العربية - جدع مشترك علمي,كتاب مدرسي,2026-08-24 19:46:51.936776+00,0
4cb3d77b-ba6c-41d9-a952-9fb567aa1701,COLLECTION COULEURS - KEDEMOS 4/5,كتاب مدرسي,2026-09-03 22:14:42.434074+00,0
4cdc4ecb-9b13-454b-935f-a72be94ec809,اهل الكهف,كتاب مدرسي,2026-09-08 17:09:54.92236+00,0
4d2e474d-f637-4896-9d12-7091ae16aeca,مرشدي  في اللغة العربية - 2,كتاب مدرسي,2026-09-06 20:06:33.132751+00,0
4d33a6a9-954d-4073-8201-303692bed368,قصص الوان GS القصة 4و5,كتاب مدرسي,2026-09-03 14:12:37.377777+00,0
4d384136-208a-4d5a-9953-6eee1a806174,TICKET 2 ENGLISH - 2BAC,كتاب مدرسي,2026-09-12 16:51:25.36739+00,0
4dec20ea-d5cb-4b07-b339-c2ed14767699,CAHIER TEXTE ARRISSALA,كتاب مدرسي,2026-09-08 16:31:52.204734+00,0
4e246616-028c-411a-be6a-c7bed242cf28,طريق النجاح في التربية الاسلامية - 6,كتاب مدرسي,2026-09-07 09:04:55.548294+00,0
4e250bc4-ae08-49e8-a815-21153eaefc6b,COMPUTER SCIENCE  4,كتاب مدرسي,2026-09-03 20:16:58.176731+00,0
4e55a937-3bcd-4c32-ad9b-d1cfe9af0047,-  MA PETIT OASIS - 5/6 PROJET 1-2-3,كتاب مدرسي,2026-09-08 17:57:49.096661+00,0
4e5dd82f-539a-432d-9113-9046e23e897e,AL MOUFID EN MATH 1AC,كتاب مدرسي,2026-09-07 08:36:53.520378+00,0
4e846467-f554-4b0f-b355-932661f8f9f8,في رحاب اللغة العربية -6,كتاب مدرسي,2026-09-02 21:25:32.185757+00,0
4e950ce0-1ad5-46e5-95e3-a6a159bdc335,COQUELICOT MANUL - CM1,كتاب مدرسي,2026-09-05 19:42:43.64779+00,0
4ea1d4e7-6521-4b68-9d44-1e5d44a674a8,ENGLISH JOURNEY - LEVEL 4,كتاب مدرسي,2026-08-28 20:32:23.657846+00,0
4f1b0f2d-f3a3-4b42-83af-3b999f4a7396,دفتري في الكتابة 1-2 الاول ابتدائي,كتاب مدرسي,2026-08-31 17:32:18.633951+00,0
4f2319c3-9039-4738-b242-7d2502f93015,واحتي في انشطة اللغة العربية 5,كتاب مدرسي,2026-08-20 14:30:40.877416+00,0
4f9a9251-ca76-4a51-aa2f-114de229be6d,PLUME D'ECOLE - MS [CAHIER D'ÉCRITURE],كتاب مدرسي,2026-09-13 13:06:03.909016+00,0
4fbc3b11-accb-47ea-9d93-f920e9fc589d,KIDS BOX 3 - SB+WB,كتاب مدرسي,2026-08-26 09:26:39.15496+00,0
5030bf41-2b00-4ec5-81dd-4711fcfa197c,DOREMI GS MES PREMIERE LETTRE D'ECRITURE,كتاب مدرسي,2026-09-06 01:50:53.10313+00,0
50336c9f-4aeb-4457-909f-4f2a6335c346,NENUPHAR 2,كتاب مدرسي,2026-09-05 15:07:01.745743+00,0
50369742-5879-4070-a3ef-e18ebdc43249,MES APPRENTISSAGE AN FRANCAIS - 6,كتاب مدرسي,2026-09-03 12:14:30.08204+00,0
50618368-2ec0-4178-95f6-d9e0037753b3,مجموعة الفانوس - كتاب الرياضيات و التفتح - 5/6,كتاب مدرسي,2026-08-20 10:36:19.197797+00,0
5080bf50-083b-4df1-ad8c-9df8472e4784,مرشدي العربية 5,كتاب مدرسي,2026-09-09 15:38:12.190241+00,0
51764a25-1691-43fc-b0cd-8b56cea5f7c1,INFORMATIQUE ET ROBOTIQUE GS,كتاب مدرسي,2026-09-08 08:43:49.498721+00,0
51983647-07f2-4a78-b703-eba618c9c33d,منهل النشاط العلمي3,كتاب مدرسي,2026-09-02 22:08:27.05815+00,0
51dd6543-9f8e-4060-9a26-826d63c643bf,MAXI SVT 1ER AC,كتاب مدرسي,2026-09-06 17:12:15.543477+00,0
51e7ce80-b93f-4c8e-aee2-aeb188db134d,LE MONDE DES MATHS - 3,كتاب مدرسي,2026-09-04 16:20:50.711702+00,0
523d680a-3b24-44ea-90e3-953271f0a858,المنار في الاجتماعيات - 3 اعدادي,كتاب مدرسي,2026-09-03 12:14:30.769787+00,0
5252fc16-b70c-4e3a-a6b0-5c4e3e1788db,منار التربية الاسلامية - 5,كتاب مدرسي,2026-08-28 15:53:17.041741+00,0
52c30be3-a113-4771-b63b-b648ea784193,PIXEL INFORMATIQUE CE2,كتاب مدرسي,2026-08-20 14:21:41.456816+00,0
52dadffb-78c3-49a8-9ca1-cf989fed7e1a,LE NOUVEAU MILLEFEUILLE - CM2,كتاب مدرسي,2026-08-24 15:00:55.330839+00,0
52fdf321-6502-433c-99c5-ab5a7ad9580c,COME ON PLUS - 1,كتاب مدرسي,2026-09-05 18:15:48.784825+00,0
5321429a-951b-4e33-b2bf-11657b16312b,فضاء الاجتماعيات - 1اعدادي,كتاب مدرسي,2026-09-03 14:18:26.714535+00,0
53486ee6-9476-477f-a0b2-cc683a5adbba,ملتقى المهارات الحياتية - 1,كتاب مدرسي,2026-09-02 16:06:26.74786+00,0
53f987e6-512c-446c-a373-faed77c2b041,الواضح في التربية الاسلامية - 1,كتاب مدرسي,2026-08-29 14:40:26.686634+00,0
542f86eb-e2aa-4152-bb97-76b07a39aa5e,"CANDIDE "" VOLTAIRE",كتاب مدرسي,2026-09-10 01:07:46.563777+00,0
547297fc-6233-405c-bfa5-cf8431b51027,ESPRIT SVT - 1AC / CAHIER ACTIVITE,كتاب مدرسي,2026-09-10 01:07:48.284386+00,0
5489ca91-c9a6-494b-b56b-43884ab5b7ba,كتاب الواضح في اللغة العربية - 4,كتاب مدرسي,2026-08-29 15:52:00.83668+00,0
549fd9ed-770c-465a-a243-18e2277cf70b,MAX JULES ET LEURS COPAINS CAHIER D'ÉCRITURE,كتاب مدرسي,2026-08-21 16:18:13.548338+00,0
5514a552-5c41-49e3-b50e-b45b80864896,INFORMATIQUE ET ROBOTIQUE AU COLLEGE - 1AC,كتاب مدرسي,2026-09-01 15:39:16.371624+00,0
55bdd3b2-7bac-41c5-b9b3-e521e76ff0dc,EXTRA AND FRIEND WB + SB 6,كتاب مدرسي,2026-09-02 22:08:28.825314+00,0
567daf5a-d573-410e-883d-e63218b89040,COLLECTION LES COULEURS - 4/5,كتاب مدرسي,2026-09-07 17:03:49.211522+00,0
569fbf7f-0473-4af2-bf51-9f28264cf646,سلسلة الوان قوس قزح - الروضة التانية,كتاب مدرسي,2026-09-14 16:01:45.199189+00,0
56f7421f-6251-47fe-ab52-823c6aeb83a9,L'ARCHIPLE DES SCIENCE - CP,كتاب مدرسي,2026-08-31 16:05:49.013426+00,0
5748c7aa-a625-4a24-937e-3dc07118c251,OBJECTIF SCIENCE PLUS - CE2,كتاب مدرسي,2026-09-12 16:52:53.946503+00,0
57cba64b-8c98-44e8-9169-aac00c32d3f7,الممتاز في التربية الاسلامية - 5,كتاب مدرسي,2026-08-24 19:07:26.873562+00,0
58063e9c-aa2f-4363-9c45-c05d5c5d1cd0,DC SIGMA SVT 3AC,كتاب مدرسي,2026-08-22 11:10:46.362987+00,0
585f85a6-16b7-4a03-b618-8714095efd64,THE FLIBETS STARTER GS  - 2 - PB+AB,كتاب مدرسي,2026-09-14 12:18:45.614388+00,0
58d2689d-226b-46a2-8f5f-1b6940e33334,otmane test,كتاب مدرسي,2026-08-29 17:08:18.55179+00,9
58f1239d-55a8-43d8-9e25-08f194044386,كراسة الخط و الجواهر - المستوى 2,كتاب مدرسي,2026-08-26 12:28:42.075609+00,0
59148c67-9f2d-4d40-befc-8d2ee39a8925,ACTIVITE COMPETENCE PHYSIQUE  - 1AC,كتاب مدرسي,2026-09-07 09:16:57.181367+00,0
59175d3f-c9d9-448d-9522-0db1fdb8dea6,الواحة التربية الاسلامية - 4,كتاب مدرسي,2026-09-06 19:05:02.171182+00,0
59452c9c-0b1f-4f0b-97b7-4a2cd37738f1,COLLECTION COMPETENCE SVT - MANUEL / ACTIVITES,كتاب مدرسي,2026-09-01 14:53:26.852954+00,0
595f3a30-0947-4c87-9da5-19498dc675eb,TOP SCIENCE - MANUEL/EXERCICE - 3,كتاب مدرسي,2026-09-08 09:11:07.276239+00,0
59c38c3b-f546-4e10-b66b-81d21b83313c,PREMATH ARC EN CIEL - GS,كتاب مدرسي,2026-08-29 13:45:10.238687+00,0
59cf5cdd-b9a0-4d7f-af91-1d94a910cba7,NENUPHAR - CE2,كتاب مدرسي,2026-09-10 17:08:29.059998+00,0
5a336aa2-bdb6-4e9b-a514-4088da62e168,CAP SCIENCES CE1,كتاب مدرسي,2026-08-30 20:28:45.98721+00,0
5a824e0c-b73f-49bf-9150-a355c9cca32e,MANUEL EXPLICITE francais - MANUEL / EXERCICE,كتاب مدرسي,2026-08-27 15:25:19.54563+00,0
5ab28853-530a-4fd4-8389-f8708e6f295b,FAIRE DES MATH  - 3,كتاب مدرسي,2026-09-07 10:32:08.349762+00,0
5b472b89-f96e-4025-b658-14c0443dfe66,PIXEL INFORMATIQUE AI -3,كتاب مدرسي,2026-09-10 19:54:40.492426+00,0
5bd9fb0d-301d-4300-9504-5cf6ae08285e,GO GLOAL - 6,كتاب مدرسي,2026-09-02 14:01:46.208627+00,0
5bf79eb3-085d-40c1-88de-64a647428ac1,رواية النظرات + العبرات - المنفلوطي,كتاب مدرسي,2026-09-02 13:09:22.224984+00,0
5c1ad880-20d3-4af4-8046-46d798ac14c4,مرشدي  في اللغة العربية - 5,كتاب مدرسي,2026-08-31 15:45:26.599557+00,0
5c391f9b-528b-44e8-856a-604a9f7b0bd9,GENIE DES SCIENCE - 4,كتاب مدرسي,2026-09-02 11:27:26.798098+00,0
5c6ffb98-d80b-4c99-b42c-c25e7bb2f166,COLLECTION L'ECLAIRE DE FR - CE2,كتاب مدرسي,2026-09-04 16:32:36.155624+00,0
5cd9fad3-050b-41c0-9147-79a0279fd81c,STARSHIP - 5 / SB+WB,كتاب مدرسي,2026-08-29 09:44:13.664533+00,0
5d628bfa-c98c-455e-b7b1-392873ef2d3a,ESPRIT MATH - ECO 1AC,كتاب مدرسي,2026-09-10 01:07:48.071221+00,0
5d770bcb-f788-4885-82b3-4edcf3329c22,kids box 1,كتاب مدرسي,2026-08-28 14:25:58.299509+00,0
5dde6c83-74ad-4d4a-9e5e-4e4069a0d21a,طريق النجاح في المواد الاسلامية 6,كتاب مدرسي,2026-09-02 15:39:10.840503+00,0
5dea29c3-5195-404b-b21f-4a29044c73f1,MANUEL EXPLICITE ETUDE DE LANGUE - CM1,كتاب مدرسي,2026-08-30 15:43:33.214246+00,0
5e640da0-cc86-4c92-8c33-e6363764ef3d,في رحاب التربية الاسلامية 3 اعدادي,كتاب مدرسي,2026-09-07 20:35:38.239833+00,0
5e9ef21e-5964-44b6-9366-c12c401635df,في رحاب التربية الاسلامية - 2باك علمي,كتاب مدرسي,2026-09-10 01:07:47.210567+00,0
5eaa775c-04ec-45b4-a880-ec6cb235349c,UPLOAD 1,كتاب مدرسي,2026-09-05 16:58:53.823533+00,0
5edec88b-9cc5-40de-80bb-9ba6bc95ce48,ETINCELLE PC - 1AC,كتاب مدرسي,2026-09-06 17:35:18.763628+00,0
5ef23221-5f1f-4b49-a3d7-e68b407137c5,مفاتيح  النجاح - 6/5   -  الانشطة لااضافية المكملة 4/5,كتاب مدرسي,2026-08-31 16:51:00.033346+00,0
5f177e60-fd7d-41bd-b338-e3db2f7ce819,ARC EN CIEL GS LECTURE,كتاب مدرسي,2026-09-08 16:54:41.472486+00,0
5f4404ad-1435-4932-9547-8b2849ec9cc6,POIL DE CARROTE - LE TOUR DU MONDE,كتاب مدرسي,2026-09-12 15:41:35.041213+00,0
5fd6b85d-5cfd-4993-821b-b7cf9d5820ad,EL MOUFID EN SVT 2AC,كتاب مدرسي,2026-08-27 20:07:02.215728+00,0
606d4b3a-13a2-4385-b845-2812cf6e4a91,المفيد في اللغة العربية - 1,كتاب مدرسي,2026-08-27 18:52:41.596234+00,0
60adb6a6-c2f4-425b-aaac-3190681bd8f6,ETINCELLE PC - 1AC   ACTIVITE,كتاب مدرسي,2026-09-06 02:49:02.022819+00,0
6120bd77-9468-4c98-87c4-d210c40b66b0,ARCHIPEL MATHS CM1,كتاب مدرسي,2026-08-28 16:50:34.244838+00,0
61dfcfa7-a450-48c3-9929-7b7967ba1415,الدليل في تطبيقات اللغة العربية 5,كتاب مدرسي,2026-09-03 19:03:15.067872+00,0
625992bd-4052-4d23-89f5-666bdc5d0a8e,DÉCOUVRIR L'INFORMATIQUE AU PRIMAIRE CE1,كتاب مدرسي,2026-08-24 09:55:10.943041+00,0
625e4885-7d2f-4591-82af-19deb34c9b7b,EVOLUER EN INFORMTIQUE - TC,كتاب مدرسي,2026-09-07 09:02:26.650874+00,0
626c3516-d911-402c-a8ea-72085906568d,AROBASQUE 2BAC - PC   - S1/S2,كتاب مدرسي,2026-09-12 18:44:31.849112+00,0
62c7a3fc-3e2c-4f11-9a8b-deab719fc196,FAIRYLAND CM1,كتاب مدرسي,2026-09-09 20:21:39.663825+00,0
62e7ba30-6566-4410-b625-ab04930d95be,ETINCELLE - PC,كتاب مدرسي,2026-09-01 15:39:15.74171+00,0
63010d83-1588-48b6-a958-10e11daa5023,الجيد الرياضيات 6,كتاب مدرسي,2026-09-08 16:31:54.998893+00,0
63177251-1102-499e-970f-1c4076430a8b,KIDS CONNECT 1,كتاب مدرسي,2026-09-04 19:57:48.706362+00,0
632bcce4-fd03-40ca-9dcb-20a33a5a7942,نصوص حكاياتي كتابي في اللغة العربية - 2,كتاب مدرسي,2026-08-20 10:56:50.777478+00,0
638d1508-ef2a-4152-9d4d-e656633700a4,CONNECT THE WORLD - 1,كتاب مدرسي,2026-09-06 19:05:00.260689+00,0
63b55c7f-3509-44fb-8260-9a0aca7486ee,كراسة التخطيط و الكتابة - 4/5,كتاب مدرسي,2026-09-02 10:50:32.504289+00,0
63e16af1-96d5-4a49-ad1c-4abb1b1d7fa6,برق الغابة بقالي,كتاب مدرسي,2026-09-05 14:46:51.431115+00,0
63e353f5-3f77-47cf-9f49-b3643c4eb54a,MES APPRENTISSAGE - 6,كتاب مدرسي,2026-09-03 15:56:36.676446+00,0
64a7a7ba-dd8c-4d22-a4df-f3cafbabffde,LA CLASSE DES SCIENCES 6,كتاب مدرسي,2026-08-28 16:50:34.946905+00,0
64c10f0b-e6e9-43e3-a873-cb4f2a0e0a27,FAIRY LAND 5,كتاب مدرسي,2026-09-03 15:09:06.161544+00,0
65073a21-8724-4b01-88f8-c1e66144708d,LE PERE GORIOTE,كتاب مدرسي,2026-09-10 01:07:46.781572+00,0
650f6a41-1551-41b2-87c4-eb948f7d531b,MANUEL MAXI MATH - 1AC,كتاب مدرسي,2026-09-02 07:53:41.64596+00,0
653a18fe-4649-4d89-83de-04014e68f449,PARCOURS FRANCAIS 3 AC,كتاب مدرسي,2026-09-01 09:21:17.441944+00,0
659581d1-3bf9-4edc-8c7f-597766488ed7,LA CLASSE DES SCIENCE - 6,كتاب مدرسي,2026-09-15 18:49:10.566508+00,0
65c7ae3a-e8f2-4244-888f-39db21b13d43,في رحاب التربية الاسلامية - 6,كتاب مدرسي,2026-08-28 16:31:03.402794+00,0
66227f74-1f67-4297-8573-c6f096cf5f07,قصة المرتشي و المنتشي,كتاب مدرسي,2026-08-26 14:59:02.383441+00,0
670e7414-ec1c-4c9c-926e-a9788947a5f7,MANUEL CAPPUCINES - 6,كتاب مدرسي,2026-09-05 13:11:33.899388+00,0
672d8a23-5b2a-41db-a546-f4dfb4ecb4e2,LES CRACKS EN SCIENCE 6,كتاب مدرسي,2026-08-20 14:21:40.181781+00,0
6731b022-4d74-4aef-88af-4c28b884bb0c,ACTION MATH - CE2,كتاب مدرسي,2026-09-07 19:45:24.136791+00,0
6758cade-2e9e-424f-bfca-016d703a670e,UNIVERS PLUS PHYSIQUE CHIMIE - 2AC,كتاب مدرسي,2026-09-02 13:09:23.050967+00,0
676d03f4-9896-4af0-8d3c-80313019590a,EXRA AND FRIEND - 6,كتاب مدرسي,2026-09-07 09:04:55.334274+00,0
6776acf6-d673-4fc9-be45-ab3aeee25a81,الرائد في اللغة العربية جدع مشترك علمي,كتاب مدرسي,2026-08-20 09:08:19.302083+00,0
6796ae1a-86a8-4e9b-a9b2-d52aa2bbe193,EXCEL SCIENCE - CM2,كتاب مدرسي,2026-08-29 14:40:26.542897+00,0
679d8977-8daf-4369-8d53-a4c2319f14e3,COMPUTER SCIENCE AI - 2,كتاب مدرسي,2026-09-01 20:12:58.913678+00,0
684ff3d2-8927-4e6b-822f-fd996bdfcd42,في رحاب اللغة العربية 6 ابتدائي,كتاب مدرسي,2026-08-20 14:26:46.415329+00,0
685d5b25-5bb9-47d4-90e9-61dec5cdd478,لوحة طباشير,كتاب مدرسي,2026-09-11 22:21:08.037809+00,0
6871f1ae-7f88-4a7c-b761-a987161ddc58,AL MOUFID MATHS 2 AC,كتاب مدرسي,2026-08-27 20:07:02.071214+00,0
68ba54ad-f723-4b9f-acbd-805ded572123,ESPACE MOT FRANCAIS CE1,كتاب مدرسي,2026-09-02 22:08:29.097003+00,0
68c11d97-8880-48c5-be96-a325ebc1d0ff,SVT AROBASQUE 2BAC SM,كتاب مدرسي,2026-09-03 19:27:05.026364+00,0
68fb794b-aa10-48ba-8eb3-e030ce3263a1,كتاب الرائد في اللغة العربية - 1اعدادي,كتاب مدرسي,2026-08-29 12:11:14.721714+00,0
69030239-9a9e-4516-93b0-d24c85901e33,LES CARACKS EN SCIENCES CM2,كتاب مدرسي,2026-09-09 17:01:21.519372+00,0
691e2bdd-4f72-43ba-9967-5bd08b39a52d,I WONDER 3 -,كتاب مدرسي,2026-09-07 19:45:24.357549+00,0
692368a7-02c1-404a-93a2-dde30347acf1,INFORMATIQUE ET ROBOTIQUE IA - 2AC,كتاب مدرسي,2026-09-08 08:43:49.928139+00,0
692a5bec-2a9a-4b48-9424-b90b7f6c5d8f,SMILE - 5,كتاب مدرسي,2026-09-06 00:45:59.285154+00,0
6968555b-fe11-42fb-a5cc-4c75aabf08bc,فضاء الرياضيات - 6,كتاب مدرسي,2026-09-10 19:10:11.126623+00,0
69b53786-b84d-4bbf-bce4-54047b8d9e6c,FRANCAIS LIVRE UNIQUE - NATHAN 5,كتاب مدرسي,2026-08-26 14:37:14.971041+00,0
69ca8147-f9c0-40db-be17-d7590860918c,غلاف رمادي - 24*32,كتاب مدرسي,2026-08-28 20:32:23.868836+00,0
69e433e3-a3c4-450c-8903-a7b75260b6a6,الرائدفي اللغة العربية - 1 اعدادي,كتاب مدرسي,2026-08-28 15:55:26.164859+00,0
6a4ea0bb-ef7c-45b1-91c8-092bb7c29e50,كراسة التخطيط والكتابة واحتي الصغيرة 5/6,كتاب مدرسي,2026-09-08 17:57:48.882695+00,0
6a67705e-72fd-455e-8801-50894015a6c8,ECLAIRE FRANCAIS 6,كتاب مدرسي,2026-09-05 22:08:53.541306+00,0
6ac3d785-b459-4ac0-82e3-c1cc1bd255a4,كراسة الانشطة التطبيقية 5  سلسلة الامة,كتاب مدرسي,2026-08-20 10:47:17.560895+00,0
6b392cdb-c264-459f-a942-9038b978ded6,كتابي اللغة العربية - 1,كتاب مدرسي,2026-09-07 17:03:23.555466+00,0
6b517a2a-7622-4a27-a934-f93886a5793d,فضاء النشاط العلمي6,كتاب مدرسي,2026-09-02 22:08:27.466653+00,0
6b5a7da3-049f-452a-a85d-bcf86fa5ba5b,CAHIER ECRITURES CE2 SEDRAP/CDPL,كتاب مدرسي,2026-08-20 10:28:34.044826+00,0
6b756fac-cfd8-4bde-9ffb-347a43fec729,في رحاب التربية الاسلامية - 2 باك,كتاب مدرسي,2026-09-12 15:55:24.840995+00,0
6c2f6826-93aa-4d2b-a3a7-dc64d9048884,الطريق الى سفينة الكنز,كتاب مدرسي,2026-09-11 12:26:52.883874+00,0
6cd1fad1-848c-40f7-a36f-9fa45943b373,COMPUTER SCIENCE ROBOTIQUE ARTIFICIEL - 6,كتاب مدرسي,2026-08-28 16:31:03.188516+00,0
6e5b782b-3fe5-441b-a6fb-d02c604311e5,BON POU ADDOHA REF 0055,كتاب مدرسي,2026-09-07 14:23:42.340903+00,0
6e6444b2-6f99-4788-87ac-9245f68868f5,المنير في النشاط العلمي 5 ابتدائي,كتاب مدرسي,2026-08-20 09:08:20.150073+00,0
6e67893b-c7cb-46c9-937f-ed4956665843,ENGLISH DOWNLOAD - B2,كتاب مدرسي,2026-09-03 19:27:05.662362+00,0
6e6d7c64-2329-44ef-828a-ba8fad5c2012,SMART - 3,كتاب مدرسي,2026-09-10 19:54:40.035783+00,0
6e7d3c8e-570a-472d-b7e1-f407d6473a6f,TRESORS DES MOTS CE2,كتاب مدرسي,2026-09-06 18:46:49.179563+00,0
6e944d4f-6ebe-4945-b0ef-c7172ca3aa7a,مرشدي في التربية الاسلامية - 2,كتاب مدرسي,2026-09-07 10:23:49.576492+00,0
6ec78214-683b-49f7-a989-591fe87559bf,الواضح في قواعد اللغة العربية - خليل اليحري,كتاب مدرسي,2026-08-24 14:55:02.764664+00,0
6edae85d-e00f-4c1d-b0c8-29d8c4b380a8,أنشطتي اليومية - 4/5,كتاب مدرسي,2026-08-27 15:19:00.364358+00,0
6f3558cd-2c12-4a65-80b9-0647b2c6f345,ROMAN : LES FABLES DE LA FONTAINE,كتاب مدرسي,2026-09-03 20:01:48.271633+00,0
6fc06b69-c294-463d-8dbc-6918cd588d62,TOP MATHÉMATIQUES MANUL+CAHIER D'EXERCER CM2,كتاب مدرسي,2026-09-03 15:45:02.864785+00,0
6fc08561-3932-4779-9283-44d85e5411a2,EUCALYPTUS 2ER AC,كتاب مدرسي,2026-08-27 20:07:02.501776+00,0
6fc0fce6-f284-4c91-8a66-8aa4a6e3fd4f,PAK COLLECTION MELI-MELO DE MOT / 5/6,كتاب مدرسي,2026-09-13 19:30:00.234676+00,0
6fce7a7a-ff57-40ae-a26c-42bfc38740e3,COMPETENCE ACTIVITE SVT -1AC,كتاب مدرسي,2026-09-08 22:24:55.082451+00,0
701672e6-f768-4640-9fd7-e025eb90cb52,EXTRA AND FREINDS 2,كتاب مدرسي,2026-09-03 15:12:06.104264+00,0
70320d99-a6db-49cd-92f7-798f3f37d191,ENGLISH JOURNEY SB+WB 5,كتاب مدرسي,2026-08-27 11:36:59.914898+00,0
703cd241-9f3c-4db0-8d0e-a0fb3fa8ab8f,كراسة التلميد -سلسلة الامة - 3,كتاب مدرسي,2026-09-03 14:18:28.539771+00,0
703f3735-66e9-4a58-a603-79ce6564c88c,سلسلة الوان 1-2-3 GS,كتاب مدرسي,2026-09-03 14:12:37.205175+00,0
7049b7fe-d3c5-4966-9079-aaf3cb6c4452,UNIVERS PLUS PC - 1AC,كتاب مدرسي,2026-09-10 18:45:36.329348+00,0
708047e8-3e70-4306-933d-ab239624e282,SIGMA PC - 1AC+3AC,كتاب مدرسي,2026-09-10 18:40:13.075835+00,0
7084035e-f001-4448-89c4-43c8f49fc787,ADIEU POMPEI TOUS LECTURE HACHETTE,كتاب مدرسي,2026-09-09 18:07:44.269954+00,0
70bf62ad-b147-483a-bbc5-4240c91b73f9,LE TEMPS DES MATH -4,كتاب مدرسي,2026-09-05 21:51:16.136684+00,0
71078505-db7c-4679-99db-a883e6b7aff1,PIXEL INFORMATIQUE CP,كتاب مدرسي,2026-08-20 10:45:16.067331+00,0
7107d55c-3fd8-45aa-9d15-4795c2b345a2,EXTRA AND FRIENDS - 2,كتاب مدرسي,2026-08-28 16:31:02.759835+00,0
710d7076-5990-4c0f-9112-bbc8c8d6a5aa,OBJECTIF SCIENCE PLUS - CM1,كتاب مدرسي,2026-08-28 20:32:23.43427+00,0
71441aeb-2b19-4976-aa37-7ba2fe6929e7,المفيد في اللغة العربية 3,كتاب مدرسي,2026-09-06 18:46:49.40033+00,0
722ba484-ed72-4dc3-b497-e2420ebdcac5,DISCOVRING SCIENCE - 5,كتاب مدرسي,2026-09-06 01:23:58.296843+00,0
7275bd62-c3d2-4411-8465-ce4a337323c1,الكراسة الواضحة - 1,كتاب مدرسي,2026-09-05 12:22:35.711069+00,0
72f5d951-1273-4774-ad92-0fbafe8905ef,SANS FAMILLE HECTOR LIVRE DE POCHE,كتاب مدرسي,2026-09-11 12:26:53.461301+00,0
73448ae3-e0c4-4b78-b988-bdd01e9ab712,COMPUTER SCIENCE AI - 4,كتاب مدرسي,2026-08-30 15:43:33.785236+00,0
7361b0e5-c5cf-4b22-a5ac-c3ef0bc57b47,مرشدي  في اللغة العربية -  3 اعدادي,كتاب مدرسي,2026-09-11 12:37:51.064686+00,0
73660716-5ee6-468a-a3d9-5ba7d8f6d863,COLLECTION COULEURS - KEDEMOS 5/6,كتاب مدرسي,2026-09-01 15:36:22.556602+00,0
738754fe-b761-4c31-8785-3ca5eac3b2d7,LIVRET ELEVE PARCOURS + CONTES ET BIEN D' AUTRE NOUVELLES . DES JEUNES FILLES VICTAIMERS - DAR ATTAKAFA,كتاب مدرسي,2026-09-01 14:53:25.578839+00,0
7470c734-1826-4f04-bcd3-02b398b8d537,الاساسي في اللغة العربية - 3اعدادي,كتاب مدرسي,2026-09-12 17:07:06.873625+00,0
74a3e53c-3201-45dc-8c4d-e593e9e6d176,كليلة ودمنة شركة شمس,كتاب مدرسي,2026-08-20 10:27:42.213504+00,0
74ba4ac6-ade0-43eb-93e1-d2dfb04457d5,CALCULATEUR - 6,كتاب مدرسي,2026-08-28 16:31:02.973959+00,0
74bd7728-aad5-4d2e-b811-8b9ba7b6e329,المفيد العربية الاول,كتاب مدرسي,2026-09-20 13:09:41.036035+00,0
75c86f29-4319-448c-840d-9729a56d49c3,GENIES DES MATHS PLUS CM2,كتاب مدرسي,2026-09-12 09:55:01.766416+00,0
765e95f2-1a1f-45b0-bf73-4f00e1576a1b,ETINCELLE SVT - 2AC    ACTIVITE,كتاب مدرسي,2026-09-08 08:43:49.715631+00,0
76b6dcc4-88a5-4d6a-9de3-391a9cf13141,PIXEL INFORMATIQUE CM2,كتاب مدرسي,2026-08-28 16:50:36.351273+00,0
77495fb8-a221-4cee-915d-55f6c78c3950,ENGLISH JOURNEY SB+WB CP 1,كتاب مدرسي,2026-09-05 22:08:53.260547+00,0
77748dac-35b6-4e65-b273-dd0a0fee025f,""" UN NOUVEAU DANS LA CLASSE "" - HACHETTE EDUCATION",كتاب مدرسي,2026-08-27 18:52:42.446756+00,0
77894c2a-38d7-4e60-9f43-95584162449a,UNIVERS PLUS PC - 3AC,كتاب مدرسي,2026-09-12 12:03:45.820743+00,0
77c1d120-5745-40bc-8c6a-09e9e9e8cbbf,NENU CM1,كتاب مدرسي,2026-09-08 16:31:51.982627+00,0
77c20708-61ff-4ec9-89aa-cda7ee3bbee5,KIDS ZONE  4,كتاب مدرسي,2026-09-07 17:42:39.824176+00,0
77cf0589-64c3-4e93-9deb-071340788580,النجاح في الرياضيات - 5,كتاب مدرسي,2026-09-06 01:42:59.802749+00,0
77e401b8-22e9-4355-b9ef-4eed225bf0a9,NENUPHAR -6,كتاب مدرسي,2026-09-03 15:56:36.541049+00,0
77e4ae2d-5d0f-486d-9e36-ac55d30a2618,HOT SHOT WB + SB 4,كتاب مدرسي,2026-08-20 10:34:28.731037+00,0
77fdbd2e-e6f0-4909-946e-8b5338f94640,AL MOUFID MATH 2 AC,كتاب مدرسي,2026-09-06 18:13:09.441852+00,0
7809ad6a-7da7-406f-b126-3fddde6e87cc,فضاء الرياضيات 2,كتاب مدرسي,2026-09-02 22:08:26.918054+00,0
780cccb4-96d6-4cf6-9314-c3812c90ef04,دفتر التقصي - دار التقافة 5 ابتدائي,كتاب مدرسي,2026-09-12 21:12:56.48648+00,0
783ca2b0-8dc1-43f4-a986-90fbac0e3336,COMPUTER SCIENCE - 2,كتاب مدرسي,2026-09-03 19:53:37.061036+00,0
786c964f-55bf-4164-85ca-39bcbed09c49,mes activites supplémentaire - les cles de reussite 5/6,كتاب مدرسي,2026-09-15 11:01:45.51084+00,0
788766ef-c6da-482a-af3d-7a95371ba38d,SPARK - 1,كتاب مدرسي,2026-09-01 15:39:15.951567+00,0
788790a0-394f-4a87-ac60-e4b891496e17,احياء التربية الاسلامية 8,كتاب مدرسي,2026-09-05 12:14:12.777445+00,0
7891a8bb-f5f0-49df-b349-e114fd265c76,EXTRA AND FRIEND - 6,كتاب مدرسي,2026-09-03 15:56:37.079828+00,0
789d2563-1d3e-458f-a855-8aaaaf334962,COCCINELLE - MANUEL + ACTIVITE - CM1,كتاب مدرسي,2026-09-02 15:28:50.372868+00,0
79753006-bfd9-4c49-ae22-b92f222ae0fe,المرجع في اللغة العربية - 2اعدادي,كتاب مدرسي,2026-09-06 01:32:44.328962+00,0
7a49f30c-93d2-4d0c-a49a-4966964630b3,EXPLICITE CE1 - LE RESTE,كتاب مدرسي,2026-09-01 20:12:58.45239+00,0
7a906f35-0975-4e2e-be64-338f78d5107a,BIBLIO COLLEGE - LE TOUR DU MONDE EN QUARANTE VINGTS JOURS - HACHETTE,كتاب مدرسي,2026-08-29 11:28:12.852015+00,0
7abeaaaf-0b97-4a15-be80-9779f506f697,LA NOUVELLE COCCINELLE CE2 - CAHIER D'ECRITURE,كتاب مدرسي,2026-09-04 16:20:50.501553+00,0
7b17a3b5-5854-4777-9a98-685ff61c2ffb,UNE VIE - ROMAN GU DE MAUPASSANT,كتاب مدرسي,2026-09-02 13:09:22.431712+00,0
7b3d6abf-a303-4851-9061-7b153edd7cd9,دفتر التقصي في المغامرات العلمية - 5,كتاب مدرسي,2026-09-04 16:20:50.080816+00,0
7ba17ebd-161b-44e3-a236-2a378f0ec8a2,LECTURE TOUT TERRAIN METHODE DE LECTEUR CP ID BORDAS,كتاب مدرسي,2026-09-09 16:25:12.267207+00,0
7bc2c30b-b632-4491-b0be-50769fb75e01,النجاح في الرياضيات 5,كتاب مدرسي,2026-09-06 17:41:39.386151+00,0
7bd72e51-f2fc-498b-a1b8-71d5e442de43,COMPUTER SCIENCE AI 1+3+6,كتاب مدرسي,2026-08-28 16:50:35.650726+00,0
7c0a589d-2e63-4ab2-bc75-46e34d1ebe98,pack L'ECLAIR DU FRANÇAIS CE1,كتاب مدرسي,2026-08-28 19:07:59.960193+00,0
7ca0fa79-274f-4571-b6f8-b870078ec9e1,ARCHIPEL SCIENCES CE1,كتاب مدرسي,2026-09-09 15:38:11.969246+00,0
7cc8a91e-e196-45eb-b268-d148228cb07a,FAIRYLAND - 5,كتاب مدرسي,2026-09-06 01:42:59.590031+00,0
7cf839c7-1bde-45b1-8558-e6b18e696007,SPOTLIGHT 1AC,كتاب مدرسي,2026-09-08 21:05:19.027835+00,0
7d1bf3db-e697-44a7-a2c1-d1e255a8e539,COMPUTER SCIENCE ROBOTIX - 2,كتاب مدرسي,2026-08-28 16:31:02.544877+00,0
7d6cf05b-ea19-409a-be98-a35e3747f399,APPRENDRE L'INFORMATIQUE - 6E,كتاب مدرسي,2026-09-04 15:25:31.035535+00,0
7d74f8b8-c91c-4de3-a4bd-9e8cea957953,MES PREMIERE ACTIVITE 3/4 - PROJET 1,كتاب مدرسي,2026-09-05 23:40:43.248688+00,0
7d98916a-e53b-4102-9fc6-e36bbac831b1,INFORMATIQUE ET ROBOTIQUE - 5,كتاب مدرسي,2026-09-03 14:18:28.743302+00,0
7da6a7a1-0829-46a4-9232-5ab2654645d4,CRAYONS 24 DE COULEUR GRAND FORMAT,كتاب مدرسي,2026-09-13 13:06:04.339376+00,0
7da834fc-63d3-4220-8527-2be007082fc5,HOT SHOT WB + SB 1,كتاب مدرسي,2026-08-20 10:11:45.507065+00,0
7db16d42-7f37-473a-85e6-5342985ce1e4,COLLECTIO MINIBUS 5/6,كتاب مدرسي,2026-09-14 12:18:45.909167+00,0
7df9297e-4a64-43ba-b8b3-cc08f5381bee,PARCOURS - 2AC,كتاب مدرسي,2026-09-10 09:58:43.546931+00,0
7e2c4f68-b25a-44b6-a0f7-509897fd0b1b,ENGLISH DOWNLOAD - B1  / SB+WB,كتاب مدرسي,2026-09-04 16:20:29.142294+00,0
7e7d0a95-77fd-484d-bcfb-c3dbd9ab46bd,SMILE 4,كتاب مدرسي,2026-08-29 15:52:01.286528+00,0
7ed1a47b-9e23-49dd-a7e6-2878003d4644,الجديد في الاجتماعيات 5,كتاب مدرسي,2026-09-02 12:40:35.548575+00,0
7ed4bb3b-31f4-453d-90b0-a62390c059a9,شهادة لحسن المطبعة,كتاب مدرسي,2026-08-22 11:10:46.511425+00,0
7ed690e2-cd13-4c59-bed1-33f396dcb07f,الرائدة الرياضيات - 4,كتاب مدرسي,2026-09-03 10:37:45.54436+00,0
7ee367f0-c1ee-4b9b-99b1-a7b87e3dc376,SVT AROBASQUE - 2BAC AROBASQUE,كتاب مدرسي,2026-08-27 10:03:23.089431+00,0
7f49c800-3ee2-4f62-b0e9-7245fe6de990,ETINCELLE - PC 1AC CAHIER D'ACTIVITÉS,كتاب مدرسي,2026-09-02 07:53:41.787517+00,0
7f839826-8229-477a-aa45-76555d56d3d2,قصة من سلسلة الاخلاق المجد و التوزيع,كتاب مدرسي,2026-08-20 11:03:44.431901+00,0
7f8a8603-bf48-40a8-9e12-495a3de2196d,LES CLES DE LA REUSITE - 5/6,كتاب مدرسي,2026-08-27 14:12:36.066265+00,0
7fc784c3-1c42-4a99-ab54-0e65da6f848e,منار التربية الاسلامية - 5 ابتدائي,كتاب مدرسي,2026-08-29 14:40:26.971842+00,0
7ff0ba06-d15e-4c62-bcc3-7f733ca458f2,مرشدي في اللغة العربية 2 اعدادي,كتاب مدرسي,2026-09-01 14:45:02.049494+00,0
8018b72d-0131-42e6-b286-9243239cda38,ربع ياسين,كتاب مدرسي,2026-08-27 20:48:05.555549+00,0
8046e428-e86f-43aa-9eb0-487a14376b41,روائع  القصص العالمية - خليل البحري,كتاب مدرسي,2026-08-24 14:55:02.343521+00,0
8094f59a-1328-40ac-abf4-b689947048eb,مرشدي في اللغة العربية - 2,كتاب مدرسي,2026-09-07 22:30:41.855881+00,0
8107ad77-ef3a-41a7-b9eb-6df9b465e7a8,LA CLASSE DES SCIENCES CE2,كتاب مدرسي,2026-08-20 14:21:40.607746+00,0
817f129d-958b-4a16-8d64-2161dc84ec3e,الاساسي في النشاط العلمي - 1,كتاب مدرسي,2026-09-02 18:59:28.502739+00,0
81fcce4c-41b6-481a-901d-db1c2bf1bc9b,في رحاب التربية الاسلامية- 5,كتاب مدرسي,2026-09-01 14:59:57.68668+00,0
8231c03f-22cc-4ebe-8094-ee8f7d1e9332,CAHIER D'ÉCRITURE FINKY PR 1-2-3 MS,كتاب مدرسي,2026-08-30 16:30:06.616726+00,0
8246dbb9-b3d2-4c87-a572-76e8decff935,DOREMI GS CAHIER DES MATHÉMATIQUES,كتاب مدرسي,2026-09-03 13:34:18.800902+00,0
8267b3f3-2f26-4084-b0bb-8bbb530b6eca,LES COULEUR DE LARC EN CIEL - MS,كتاب مدرسي,2026-09-14 16:01:45.631846+00,0
828a76e3-51e0-44df-adf6-42b9d86d1bc5,APOSTRO SCIENCE CM2,كتاب مدرسي,2026-09-01 14:57:05.422267+00,0
8292a2bb-47bb-456c-9763-bd10d3de62ef,J'APPRENDS EN MAT,كتاب مدرسي,2026-09-03 12:46:48.322431+00,0
82a00baf-7721-46d6-949a-6a81dc5f1d34,واحتي في انشطة اللغة العربية - 1,كتاب مدرسي,2026-09-03 15:08:19.334887+00,0
8362a192-05e0-4248-94b6-3baabd1490ac,la classe des science- cm1,كتاب مدرسي,2026-08-28 14:29:06.129227+00,0
83cae70c-6af1-4807-8c6e-997f99c023fc,مولف الطفولة,كتاب مدرسي,2026-09-01 14:45:02.284703+00,0
84357e7d-ba2b-4d2e-914a-6c57aa12c1ca,ESPRIT DE MATH - 1AC ECO,كتاب مدرسي,2026-09-07 20:18:17.200255+00,0
8466a5f4-e40d-4578-a2c5-c204cd45fd04,COLLECTION POUR APPRENDRE LES LETTRES - MS,كتاب مدرسي,2026-09-14 16:01:45.487889+00,0
84c29422-c508-4b72-8f56-cbcfcf6107ea,ABC EN SCIENCE - CM1,كتاب مدرسي,2026-09-04 16:57:07.390524+00,0
854c4758-6924-47e4-8ced-700b45d40043,MAX JULES PACK - CP,كتاب مدرسي,2026-08-27 18:52:42.235716+00,0
854fc415-5ab3-486e-ae72-1bcec8fe6863,LE FRANCAIS AU QUOTIDIEN CM1 ACTIVITES,كتاب مدرسي,2026-08-20 10:04:52.698242+00,0
8551146f-25ec-4e58-9591-d3c27e7a3c6b,COQUELICOT ACTIVITE - CE2,كتاب مدرسي,2026-09-01 10:19:12.4661+00,0
856025aa-8561-43db-bf7c-90473a101f42,THE FLIBETS STARTER PB+AB,كتاب مدرسي,2026-09-13 13:06:04.054933+00,0
8594b26b-c838-475c-b2df-a03a52674cd4,DICTIONNAIRE OXFORD POCHE AN-FR FR-AN,كتاب مدرسي,2026-08-29 13:12:52.263931+00,0
85a0bebb-4128-4888-8b0c-e50f76de350f,LES CLES DE REUSSITE 4/5   / 3 PROJET,كتاب مدرسي,2026-08-30 20:20:19.200281+00,0
85b369de-60c7-4712-9c48-cbce7dfe1eb9,COQUELICOT MANUEL - CE2,كتاب مدرسي,2026-09-01 09:25:29.945442+00,0
85b45b11-0b65-49f1-8596-cbf1de731485,COLLECTION L'ÉCLAIR DU FRANCAIS 6,كتاب مدرسي,2026-08-27 11:36:59.703993+00,0
864becd7-48e7-4b07-9b41-804d37065296,AL MOUFID EN MATH - 2AC,كتاب مدرسي,2026-09-10 09:58:43.331887+00,0
867cc270-d455-4a30-b14a-8d45e442d2e2,LA CLASSE DES SCIENCE - 1,كتاب مدرسي,2026-09-04 19:57:48.491363+00,0
8696db45-c384-4eb1-9aa1-4232581b1161,قاموس انجليزي انجليزي عربي OXFORD,كتاب مدرسي,2026-09-09 13:21:46.661232+00,0
86981dfb-099f-4503-bfea-2b420958edb7,عقد الخط و الجواهر - 3,كتاب مدرسي,2026-08-27 20:27:26.290721+00,0
87331224-93b6-45f9-bd3b-9514b719cf4e,COME ON EVERYONE 5 SB+WB,كتاب مدرسي,2026-09-04 16:47:30.379756+00,0
879e16d0-1d09-48e6-9623-0c7eb3b12c94,في رحاب  الاجتماعيات  - 4,كتاب مدرسي,2026-08-29 15:52:01.501177+00,0
88029e4d-4058-466e-a2c6-9e283a327ba5,DISCOVRING SCIENCE - CP -WB,كتاب مدرسي,2026-09-10 16:45:54.366949+00,0
882be0d8-a594-47b8-b1f5-f92a538f2ae6,TOP MATHEMATIQUE - CM2,كتاب مدرسي,2026-09-06 01:54:14.090907+00,0
8895c746-2e8a-4567-8d31-abedc2288e88,ENGLISH WHAT4S UP OUMA,كتاب مدرسي,2026-09-08 16:54:42.747388+00,0
88983753-31ab-48bd-825f-89aeac94b049,المنير في التربية الاسلامية 2 اعدادي,كتاب مدرسي,2026-09-11 12:26:52.586751+00,0
88c2ddb7-9596-434f-9823-00f74fda7732,SWITCH ON 4,كتاب مدرسي,2026-08-29 14:09:50.714711+00,0
89636abc-030e-4dfd-88d8-5f87d6f40b75,INFORMATIQUE IA TCS,كتاب مدرسي,2026-09-11 09:21:42.562495+00,0
89815a22-018e-4f54-adb2-88d9d0b07f9d,WONDERWORLD 3 SB+WB ADVERBODE/ CDPL,كتاب مدرسي,2026-09-03 13:34:18.935707+00,0
8a7493b7-f1c5-4c19-88b2-02e80c502c4a,COMPETENCE SVT MANUEL / ACTIVITE  SVT - 1AC,كتاب مدرسي,2026-09-07 09:16:57.392502+00,0
8a76494a-81ff-40ee-816e-84058d331ece,منار التربية الاسلامية 5,كتاب مدرسي,2026-08-24 12:50:37.900606+00,0
8aa33713-2604-4da4-af88-36656d0643cc,منار اللغة العربية 6,كتاب مدرسي,2026-09-02 15:39:10.585424+00,0
8ab6e75b-48e7-4732-8f92-11b230d8b678,COQUELICOT ACTIVITE - CM2,كتاب مدرسي,2026-09-03 15:45:02.728247+00,0
8ab8c4c9-a831-4f39-9726-10fadebfd090,ESPRIT DE MATH 1ER AC,كتاب مدرسي,2026-09-08 17:09:55.563281+00,0
8addc0b4-1777-498c-9dc3-6d0b60413461,فضاء الرياضيات - 3,كتاب مدرسي,2026-08-24 15:24:27.360622+00,0
8ae0c3ba-4f89-4e41-913d-5723f2205c2f,DISCOVRING SCIENCE - CP WB+SB,كتاب مدرسي,2026-09-09 16:25:12.935384+00,0
8b253215-9437-4b17-aefc-3e180ceaa174,PARCOURS - 6,كتاب مدرسي,2026-09-07 22:30:44.141985+00,0
8b9ca211-45b8-47ef-95b6-b888bc88bbe7,STEP UP IN ENGLISH 3,كتاب مدرسي,2026-09-01 14:07:37.888958+00,0
8c144240-0c92-4c43-9ed0-f373137e7f0a,AL MOUFID MATHS 1ER AC,كتاب مدرسي,2026-09-06 10:48:10.555906+00,0
8c46a9fd-8025-494f-b8ef-c8b67ab38254,مرحى و مرح - 5/6,كتاب مدرسي,2026-09-14 12:18:45.762152+00,0
8cd2a6c0-3a9c-49ac-ab24-2d38d7755686,LES CLES DES REUSSITE - 5/6 + MES ACTIVITES SUPLEMENTAIRE,كتاب مدرسي,2026-09-01 14:47:18.452929+00,0
8d021568-a9fd-42e5-8fa2-ae3a23e22f4f,english starship - 2,كتاب مدرسي,2026-09-06 20:06:34.650355+00,0
8d858ed0-6b94-44e6-b5f8-394448850b32,الرائد في اللغة العربية 2 باك,كتاب مدرسي,2026-09-10 01:07:47.427127+00,0
8d89c378-82cb-4d0e-be5c-7e182db472b2,AL MOUFID PC 2AC,كتاب مدرسي,2026-08-27 20:07:02.357333+00,0
8d93c671-0b74-4559-b5df-95c5dedba58b,LET'S SPEAK ENGLISH 6,كتاب مدرسي,2026-09-08 16:31:55.416104+00,0
8dd5d00a-6c8a-4bdf-96ea-91898e6ddc41,LA CLASSE DES SCIENCE - CM2,كتاب مدرسي,2026-09-12 16:15:20.128015+00,0
8e0683c2-ded5-451e-870f-a85549d89b48,الدليل في تطبيقات اللغة العربية 4,كتاب مدرسي,2026-09-02 07:53:42.328501+00,0
8e2cce76-1315-4c21-b2c9-bc075529e3be,LE TEMPS DES MATH - 1,كتاب مدرسي,2026-09-05 12:22:35.931953+00,0
8e3a85af-ea15-45a8-a62a-90e27d20ec5e,المواكبة في دفتر التواصل حجم كبير - EDITION SPE,كتاب مدرسي,2026-08-27 14:52:01.764784+00,0
8e3c1f6b-c6e7-4f1e-99b0-e1e2eb3676c7,SWITCH ON EVERY DAY - 6,كتاب مدرسي,2026-09-05 21:51:16.7802+00,0
8ea5836d-101b-427b-b41e-b12e9a3224b0,LA BOITE AU CHIFFRE - GS,كتاب مدرسي,2026-09-14 19:50:37.557644+00,0
8eb9da3c-388e-4c10-bcb8-89e14983c327,KIDS CONNECT - 5,كتاب مدرسي,2026-09-02 18:06:44.272257+00,0
8eb9dcf2-9f10-4fb8-882f-d20f08559e95,LE JARDIN ENCHAN MATHS GS,كتاب مدرسي,2026-09-08 16:54:41.905386+00,0
8eefe0a2-ed85-4559-b649-4c4967bdd741,مرشدي في اللغة العربية - 5,كتاب مدرسي,2026-09-03 19:00:37.21003+00,0
8f577b78-f5c7-4e7d-b0d5-1986c6710e2c,genie des math - 4,كتاب مدرسي,2026-09-01 16:48:29.232941+00,0
8f7a37d4-1e91-45eb-87b6-f652608e9deb,ACTION MATH - 2,كتاب مدرسي,2026-08-30 20:28:45.559176+00,0
8f8cfb48-1a62-498d-9d5b-25464025f9fc,مفاتيح  النجاح - 4/3   -  فرنسية,كتاب مدرسي,2026-09-03 16:40:58.72042+00,0
8fa9f4c4-4cfc-4156-bafe-33626a3f46ee,MANUEL EXPLICITE - MANUEL / EXERCICE,كتاب مدرسي,2026-08-26 12:28:42.294857+00,0
903bd717-05a9-4ffd-a615-a2557674dfa0,PAPIER ONDULE,كتاب مدرسي,2026-09-12 14:27:16.484049+00,0
904317b3-5127-443f-91ea-17dd5f348a66,الواضح في اللغة العربية 4 ابتدائ,كتاب مدرسي,2026-08-20 14:26:46.135828+00,0
90b868a8-d397-4fb2-afd2-5a0fa0cffd7e,ESPRIT MATH 1ER AC ECO,كتاب مدرسي,2026-08-20 14:05:20.133337+00,0
90c5ec47-9bd0-4f94-8d32-f2d9438d1aba,ABC EN SCIENCES 6,كتاب مدرسي,2026-08-24 09:46:58.110384+00,0
90c68af7-12c0-4355-8653-9cd07947e874,EXTRA AND FRIEND - 5,كتاب مدرسي,2026-09-06 18:26:19.410181+00,0
90f0aa67-09dd-453f-80aa-4dad17c070e9,طريق النجاح في المواد الاسلامية - 4,كتاب مدرسي,2026-09-02 15:28:49.957923+00,0
9146e9d4-0242-4d25-b2dd-34ef35529c05,LE NNOUVEAU VIVRE LE FRANCAIS  - CM2,كتاب مدرسي,2026-09-03 19:00:37.426784+00,0
91d7d8a7-8108-4418-a8ef-1313f766f65d,سيكما في التاريخ والجغرافيا 2 اعدادي,كتاب مدرسي,2026-09-07 11:06:07.779127+00,0
91d93dbb-10d4-4514-ab3e-a7180df5a1c5,ABC EN SCIENCE - 4,كتاب مدرسي,2026-09-08 17:41:18.624907+00,0
92383b5b-06a4-46cb-9e69-7fef74e0350d,PACKS  SPARK 1AC EXpress Publishing,كتاب مدرسي,2026-08-27 17:07:23.677098+00,0
926ca32a-666f-4cc9-8211-592647f2eb9d,COMPUTER SCIENCE AI 3,كتاب مدرسي,2026-09-01 14:27:40.682877+00,0
92ba98d4-6216-415e-b0b3-5d8437536d3e,PARCOURS CAHIER D'ACTIVITÉS 6,كتاب مدرسي,2026-09-13 22:46:36.884519+00,0
9382ccb3-171f-48d0-9fc1-d5820bc948bf,COQUELICOT MANUEL - CE1,كتاب مدرسي,2026-08-30 16:24:58.326171+00,0
94bbe5a4-db50-4ce7-97e7-d7a6d8800a12,الرائد في اللغة العربية - 1اعدادي,كتاب مدرسي,2026-09-03 19:59:29.470835+00,0
95824847-fd8f-410f-a58d-cee05519a0ec,RIGHT ON 1 SB+WB,كتاب مدرسي,2026-09-13 13:01:26.466282+00,0
9592b0d2-e732-4c63-b743-4a6ebfa0c7d7,GENIE DES MATH - CE2,كتاب مدرسي,2026-08-27 15:16:40.608614+00,0
95be57f2-96ec-46b1-a8ad-aa17c41e77ad,ESPRIT PC - 1AC / ACTIVITE,كتاب مدرسي,2026-09-10 01:07:48.708758+00,0
96042b06-3220-4d96-b26d-a94d1555d244,في رحاب الفلسفة - 2 باك علمي,كتاب مدرسي,2026-08-27 10:03:23.298655+00,0
961bbeb0-077e-4a33-95c3-42606fbffa0f,LE FRANCAIS AU COLLEGE 2AC,كتاب مدرسي,2026-08-27 20:07:02.643451+00,0
9625614e-bfb8-4166-be97-295b8d893bab,GENIE DES MATH - CM1,كتاب مدرسي,2026-09-06 19:05:01.322084+00,0
968e7e1d-842e-47b2-aac3-70b276f7c8a8,INFORMATIQUE ROBOTIQUE ET AI - 1 COLLEGE,كتاب مدرسي,2026-08-29 12:11:15.581564+00,0
969964e7-dc3a-4791-b449-bb90e6eda6bf,ECLIPS MATH - 2AC,كتاب مدرسي,2026-09-05 09:37:20.56403+00,0
96a0ffd4-276c-419c-97f6-39c1fb697b77,ESCLIË DE MATH - 1AC,كتاب مدرسي,2026-09-07 15:39:48.351291+00,0
96bae344-e253-4559-86d1-90e9e6ac2203,BONNE NOUVELLE - SOUK / SEDRAP,كتاب مدرسي,2026-08-31 15:53:30.545722+00,0
96de940e-7108-44bf-8fb9-cf4be5564d2e,واحتي في انشطة اللغة العربية - 5,كتاب مدرسي,2026-09-05 13:53:10.064916+00,0
97083bd9-87c5-4e08-ae81-bc97cc218e21,EXCEL SCIENCE-6,كتاب مدرسي,2026-09-10 19:12:20.199902+00,0
9797465b-585e-4b53-b497-17f56f3cc14b,مفاتيح النجاح 5/6 - الانشطة الاضافية المكملة,كتاب مدرسي,2026-09-01 14:47:18.66837+00,0
97a8f018-50cd-4981-a19f-297eb460fe43,EXCEL MATH - 2,كتاب مدرسي,2026-09-07 22:30:42.301637+00,0
97dbad17-2445-47fc-8bfa-07a30d6a0fd2,COME ON PLUS ED: NE-BULLD & GROW,كتاب مدرسي,2026-08-29 14:03:35.449845+00,0
9813bc2e-aa90-4d2a-b517-d46fcaf372a4,KID'S BOX 2 ACTIVITY BOOK,كتاب مدرسي,2026-08-21 19:26:53.903239+00,0
9838fabd-60c4-4136-8aa2-b8fc2f390658,ESPRIT SVT DOCUMENT 3 AC,كتاب مدرسي,2026-09-14 10:54:33.352857+00,0
98516a7a-3d71-49c8-a67c-7b0489471487,المفيد في اللغة العربية -4,كتاب مدرسي,2026-08-31 22:26:59.660737+00,0
98aed6de-ce95-4aa6-bc77-ef3fbba4a86c,INSIDE OUT 5 - SB+WB,كتاب مدرسي,2026-09-06 01:54:14.51375+00,0
98df6738-bc77-4a14-b434-75083046f998,CONNECT THE WORLD  - 1,كتاب مدرسي,2026-09-01 14:53:26.00333+00,0
994a274e-5983-4d85-b868-17517ad9c941,EXCEL SCIENCE - 2,كتاب مدرسي,2026-08-26 12:28:42.716916+00,0
9976cc61-daea-44f6-96bd-791fb118c4cb,ESPRIT SVT - CAHIER D'ACTIVITE,كتاب مدرسي,2026-09-07 09:59:06.150244+00,0
99e1bac4-9d6a-4e41-8195-db9cd6b99c17,ACTIVITE COMPETENCE - 1AC -  PC,كتاب مدرسي,2026-09-06 19:05:00.687401+00,0
9a13f283-3b32-4701-8c60-4352f3d075b6,SWITCH ON 6,كتاب مدرسي,2026-09-02 15:40:42.179015+00,0
9a77a8b4-c6a4-415a-a56f-b31bcea66000,المفيد اللغة العربية - 3,كتاب مدرسي,2026-09-03 15:23:32.619392+00,0
9a7ef9a2-8106-4e5a-80b4-d691d973eabc,THE STORY GARDEN STUDENT BOOK WITH N°5,كتاب مدرسي,2026-08-24 15:00:55.89125+00,0
9aa474d5-5772-44ad-8374-5a3ee24df96c,ESPRIT DE MATH - 2AC,كتاب مدرسي,2026-09-01 08:32:08.219243+00,0
9aaab9f7-013f-430e-af28-6629bec82a84,DICTIONNAIRE ROBERT COLLEGE,كتاب مدرسي,2026-09-14 09:19:13.47965+00,0
9ab44a1e-de9f-42b1-824f-d2b014f14718,ESPACE MOT FRANCAIS CE1 MANUEL,كتاب مدرسي,2026-08-20 14:15:25.626876+00,0
9b20910b-065d-474b-93f4-12d46cc3007b,فضاء الرياضيات - 2,كتاب مدرسي,2026-09-06 12:30:29.623788+00,0
9b4181f6-90cd-41af-858a-76a874b906e4,MES APPRENTISSAGE 6e,كتاب مدرسي,2026-09-04 15:25:30.824165+00,0
9b56d70b-ab55-4246-ab02-6ad6fd09a8a8,المنير في اللغة العربية 4,كتاب مدرسي,2026-09-07 17:42:38.761238+00,0
9bbbc40e-119a-48a4-ab61-b1ac43bb7592,اتعلم مع ليلى ومايا 5/4,كتاب مدرسي,2026-09-03 10:56:13.669251+00,0
9bbee68a-dff3-404b-8ce7-9b1280272a85,الواضح في الاعراب - خليل البحري,كتاب مدرسي,2026-08-24 14:55:02.973934+00,0
9bdcfce6-88a0-4dc1-ac31-98d3bf9e201a,ESPRIT DES MATHS CM1,كتاب مدرسي,2026-08-24 18:29:45.780927+00,0
9c1e99dc-40d4-492e-9a33-0d42b278b21a,كراسة انشطة الدعم و الثتبيت واحتي الصغيرة 5/6,كتاب مدرسي,2026-09-08 17:57:48.669089+00,0
9c369b77-4e74-4657-8038-77f865cb2fd0,TONER - EURO TONER 151,كتاب مدرسي,2026-08-31 15:46:22.322163+00,0
9c4675d6-a90a-4aa5-a26d-1322604923a3,NEW SMILE - 2,كتاب مدرسي,2026-09-08 00:54:07.242267+00,0
9c90bc9a-30ae-4c47-98f0-fa308b9886c8,TICKET TO ENGLISH - 2BAC,كتاب مدرسي,2026-09-12 15:55:24.983643+00,0
9cd8f3be-c476-40d5-880b-3b3d34879164,في الطفولة,كتاب مدرسي,2026-09-11 12:26:52.736476+00,0
9d4cde47-00d6-40fb-8c6c-23ca72486628,5eme - français live unique- nathan terre des lettres,كتاب مدرسي,2026-08-26 16:10:08.189433+00,0
9d51e779-70bc-4455-ac3f-21f745a4eba8,ESPRIT PC - MANUEL,كتاب مدرسي,2026-09-06 01:32:44.758768+00,0
9dbbc3d4-e418-44fb-9937-79c229fba5b7,LA NOUVELLE COCCINELLE - CM2 LECTURE/ACTIVITE,كتاب مدرسي,2026-09-02 22:30:32.184976+00,0
9dd426cc-53c8-4336-ac92-99d8d3136571,عربية / فرنسية انشطتي اليومية - 4/3     -       4/5            -  5/6,كتاب مدرسي,2026-09-04 18:44:43.889677+00,0
9dd48a7d-aadd-4c10-81ef-1cb2a6deb4a3,سلسلة مكارم الاخلاق - المستوى التاني,كتاب مدرسي,2026-08-30 09:40:58.633914+00,0
9e4163b5-9047-4252-bc1a-3e171dfbe48a,LE TEMPS DES MATH CP,كتاب مدرسي,2026-09-07 18:02:29.132343+00,0
9e5bebd7-50ef-478a-8d49-e1d552ef37c3,KIDS ZONE - 6,كتاب مدرسي,2026-09-04 09:26:47.840861+00,0
9eecc32f-334d-4625-92c9-f2a6356eb651,منار الاجتماعيات 2 اعدادي,كتاب مدرسي,2026-09-07 15:31:44.087535+00,0
9f3ebd41-b102-4205-8bce-0e333e17d064,GENIE DES MATHS CM 2,كتاب مدرسي,2026-09-06 17:41:39.817806+00,0
9f4263bf-35cf-4925-827d-984e41e65873,كتابي في اللغة العربية - 2,كتاب مدرسي,2026-09-01 22:06:14.159724+00,0
9f552dde-26ca-4e4c-a6ce-f16b43e629d3,دفتري في الكتابة 1-2 واحتي الصغير  المستوى 3,كتاب مدرسي,2026-08-31 17:24:47.995142+00,0
9f689fd2-07de-4438-ac1a-42d048e73256,POIL DE CAROTTE - HACHETTE,كتاب مدرسي,2026-09-02 14:01:45.7957+00,0
9f97aeaa-0348-4d0a-a857-4539648d226c,ETINCELLE - PC MANULE 1 BAC SEX,كتاب مدرسي,2026-09-03 12:48:15.883526+00,0
9fc44fc0-8a35-42e4-8707-9b8a419fc7cc,الدليل في تطبيقات اللغة العربية2,كتاب مدرسي,2026-09-06 20:06:33.374263+00,0
a018541d-d76b-477b-a94c-b36c96798d10,MON EVILE SCIENTIFIQUE 4,كتاب مدرسي,2026-09-05 19:42:43.432416+00,0
a087d7db-b5f8-4f8d-8994-c9d17b19dd2c,PIXEL INFORMATIQUE - 2,كتاب مدرسي,2026-09-05 19:23:00.9773+00,0
a12d4cca-723c-4ff9-aaa4-b82a3bb3bf85,GENIE DES SCIENCE - CP/ SANS CAHIER INVESTI,كتاب مدرسي,2026-08-26 12:57:02.228234+00,0
a1b50561-132c-408b-915d-849c841aa43b,NENUPHAR - 6,كتاب مدرسي,2026-09-03 12:14:29.623668+00,0
a1eab50b-1c7b-40e9-8496-35258ac98000,منار اللغة العربية - 2باك,كتاب مدرسي,2026-09-03 19:27:05.2382+00,0
a23af166-e069-406d-897e-d615cbb2b076,NENUPHAR -1,كتاب مدرسي,2026-09-11 12:30:00.727532+00,0
a26f3ac4-6f6b-484c-bc0d-2d576be5caab,كتابي للنصوص و المراسلات المدرسية الابتدائي - الرسالة,كتاب مدرسي,2026-08-31 15:52:06.261728+00,0
a2881d58-f1f9-41ec-a490-1e638f2c4d6e,MES APPRENTISSAGE EN FRANCAIS - 5,كتاب مدرسي,2026-08-24 15:00:55.472547+00,0
a2975203-4a96-4f79-8709-9510dcc62cfc,MAXI PC - 3AC,كتاب مدرسي,2026-09-12 12:09:57.933409+00,0
a2e37fa5-7e89-4918-b6fd-539a5dfcedf7,2 BAC @ DOC SCI PC,كتاب مدرسي,2026-09-06 21:59:05.886989+00,0
a3a6473d-8b09-4696-8311-2dc2122dada5,INFO ET ROBO COLLEGE 3 MSM,كتاب مدرسي,2026-09-14 10:54:33.642596+00,0
a3a7e7da-5f1c-4e7a-b752-3277f423a8aa,DC SIGMA PC 2AC,كتاب مدرسي,2026-09-08 19:24:13.506356+00,0
a3e57c4f-56cc-4cd3-b717-971b3306ae70,ESPRIT DES MATHS 3ER AC,كتاب مدرسي,2026-09-05 13:56:10.181886+00,0
a41ad09e-0439-4832-a36a-53bf85e77f81,HOT SHOTS 2AC,كتاب مدرسي,2026-08-27 20:07:02.784854+00,0
a441d759-19d5-444f-bc9f-e0ec60c39ec2,MON COPAIN BIZZARE,كتاب مدرسي,2026-09-08 17:25:06.954982+00,0
a446290c-bd29-4e8e-8ce5-07f2cc29af17,الرائد اللغة العربية - 1 اعدادي,كتاب مدرسي,2026-09-06 19:04:59.830922+00,0
a47254f7-f226-4454-9947-a83da00e1343,LES CLES DE REUSSITE 4/5   --   VERS MES ACTIVITES SUPPLEMENTAIRE ET COMPLEMENTAIRE,كتاب مدرسي,2026-08-28 19:28:36.507679+00,0
a4c9dc44-3c06-40e4-9936-19669702e899,MATHIVORE - 6,كتاب مدرسي,2026-09-02 15:40:42.45062+00,0
a4dc6d8c-08ce-4670-9213-09e56136d9a0,الرياضيات - الكراسة / 2,كتاب مدرسي,2026-09-10 09:58:43.115242+00,0
a4e0b36a-0b42-46c5-a82d-3534f2eb6dbc,COLLECTION ETAPE PLUS 1AC,كتاب مدرسي,2026-09-04 08:37:54.026827+00,0
a5145b1e-7abf-46d4-a1bf-b73c10ca7de3,المنير التربية الاسلامية 2 اعدادي,كتاب مدرسي,2026-09-03 10:22:28.284412+00,0
a517b11a-b374-4a82-8be3-22538d4b9bb9,PC SIGMA 1ER AC,كتاب مدرسي,2026-08-20 14:35:44.124881+00,0
a51f6959-872a-4473-9445-7d6e14a6224d,ESPRIT DES SCIENCE CM2,كتاب مدرسي,2026-09-04 17:09:05.406165+00,0
a5649799-1edb-4305-ad7c-f1c7448a39d3,ESPRIT PC DOC 3EME AC,كتاب مدرسي,2026-09-14 10:54:33.497467+00,0
a5b1422f-7751-47fb-8877-dd1f09aa8a83,دفتري في الكتابة الاسدوس 1 + 2 CP  واحتي,كتاب مدرسي,2026-09-06 16:39:26.389471+00,0
a5ed11b7-7f66-45a6-8ca4-b93958ccdbbd,LE TEMPS DES MATH - CE1,كتاب مدرسي,2026-09-08 10:09:14.159298+00,0
a643e20a-d778-4314-83d9-2c07f25671ba,PAS A PAS - INFORMATIQUE,كتاب مدرسي,2026-08-30 15:51:11.605657+00,0
a6b2af3b-86b3-48c0-b636-3afb94f9fb40,FRAIRYLAND WB+AB 6,كتاب مدرسي,2026-09-11 09:06:31.434161+00,0
a6d2b725-0c6c-4177-9bdc-515532c4461e,PACKS NéNUPHARE 6,كتاب مدرسي,2026-09-02 22:08:27.739092+00,0
a6eb14e0-27ed-4226-b3ba-432c3de8b434,الميسرة - 5 ابتدائي,كتاب مدرسي,2026-09-12 21:26:49.724976+00,0
a6f99434-aa0c-4815-aef6-8f657fa717dd,LE PETIT MATHEUX - 2,كتاب مدرسي,2026-08-28 16:31:02.321379+00,0
a71d330b-2398-4693-a698-3cdf25c10f06,EXCEL MATH - CP,كتاب مدرسي,2026-09-03 14:05:21.886339+00,0
a7d7432b-e1c7-4b65-8576-e482a4786c4c,OBJECTIF SCIENCE PLUS - 6,كتاب مدرسي,2026-09-11 09:06:31.214723+00,0
a834f1ff-98c7-4528-9896-928540ac1db8,MAX N'ECOUTE RIEN,كتاب مدرسي,2026-09-02 15:49:08.070497+00,0
a874c231-e125-4e08-8897-b463afcc50cf,AL MOUFID EN MATH 2BAC - SM,كتاب مدرسي,2026-09-11 22:07:14.697752+00,0
a88b0660-3c96-4c5e-b427-39f4c67e5b24,NENUPHAR - 2,كتاب مدرسي,2026-09-07 10:23:50.212505+00,0
a8f7872e-48e3-42e2-b870-1e0cf1529f2d,ECALYPTUS - 1AC,كتاب مدرسي,2026-09-03 19:17:10.072871+00,0
a9062058-bcc4-4742-bdd9-dfc19bce57bb,IMPROVE  YOUR ENGLISH 2,كتاب مدرسي,2026-08-29 14:03:35.020745+00,0
a907a4d0-5642-4f67-9d8b-97643951d85b,دفتربي في الكتابة - 1/2  - المستوى الاول,كتاب مدرسي,2026-09-07 17:17:29.187268+00,0
a90d4cc4-d14f-42d9-a677-2cfd8117198c,EXCEL SCIENCE CE1,كتاب مدرسي,2026-09-01 20:12:58.607942+00,0
a916d8ea-1d2e-45e0-8b86-c16358fa5cd9,KIDS ZONE 6,كتاب مدرسي,2026-08-22 12:33:33.727213+00,0
a9399598-1e04-444f-9852-5414cb786a9c,المفيد في اللغة العربية 3 ابتدائي,كتاب مدرسي,2026-08-20 10:45:15.85741+00,0
a9689740-d134-4c2a-95b7-7375d9bea425,انشطتي اليومية 5/6 1-2-3,كتاب مدرسي,2026-09-02 20:08:23.77843+00,0
a9a7dc50-fced-447a-937b-cedf57b24401,كتاب الرائد في اللغة العربية - ثانية باك,كتاب مدرسي,2026-09-04 16:20:29.002356+00,0
a9fd4f30-d149-49e6-b043-e7c960b9884d,MAXI PC - 1AC / MANUEL,كتاب مدرسي,2026-08-29 12:11:15.368894+00,0
aa241c50-8a2b-4a7a-9394-bab8f24cd104,واحة التربية الاسلامية - 4,كتاب مدرسي,2026-08-30 15:43:33.640772+00,0
aae0c21f-b078-4258-8fdc-ca4a6c083a5f,BONNES NOUVELLES DE JAMAA EL-FNA+ CAHIER D'ACTIVITÉS,كتاب مدرسي,2026-08-20 11:03:44.643743+00,0
ab03a14a-ea7f-45cb-962e-d7590087c133,ARCHIPEL SCIENCES CM2,كتاب مدرسي,2026-09-09 15:38:13.3504+00,0
ab425d97-65bb-40d3-849b-364f5a2fa1d2,UNIVERS + SVT - 1AC,كتاب مدرسي,2026-09-03 11:56:43.400478+00,0
ab580aab-1ea3-4251-9010-a5626529962c,ESPRIT PC - 1AC,كتاب مدرسي,2026-09-07 10:00:27.619465+00,0
ab94a1df-1054-4477-be62-497c08409961,OXYGENE MATH - 1AC,كتاب مدرسي,2026-09-13 18:22:15.897345+00,0
ac14c2c8-1038-4692-915c-dbb981c963ee,NEW SMILE SB+WB - 4,كتاب مدرسي,2026-08-31 22:26:59.450264+00,0
ac2d8c3a-2e60-4641-afbe-3006e83f7037,DECOUVRIR LINFORMATIQUE AU PRIMAIRE - 2,كتاب مدرسي,2026-08-27 15:16:41.240146+00,0
ac472d1b-37be-4e02-b15b-d357bc47b22b,COMPETENCE SVT - MANUEL / ACTIVITE - 1ac,كتاب مدرسي,2026-09-08 16:56:50.071581+00,0
ac5b4906-da94-440a-8e73-890a83c9d558,المغني في القواعد و الاعراب,كتاب مدرسي,2026-09-04 16:57:07.820162+00,0
aceea427-7f33-4f71-a14e-14a83dcc7b7f,oxygene svt - 1ac,كتاب مدرسي,2026-08-26 14:37:15.862438+00,0
acf644e5-5845-4db5-9e37-ceb39501c25f,PARCOURS 2AC,كتاب مدرسي,2026-09-06 18:13:09.725564+00,0
ad2ecf70-04bd-4a65-89dc-aa22eb1b1d2a,مرشدي اللغة العربية  - 3 اعدادي,كتاب مدرسي,2026-09-12 12:19:30.233879+00,0
ad933f6b-0e05-40fa-8beb-dc6cb77c144b,قصص الانبياء - دار شمس للنشر,كتاب مدرسي,2026-09-12 15:41:35.910428+00,0
add8fa41-4b17-4b00-9d9d-f5a3d2eb390e,هيا نكتب 4/5 - كراسة أنشطتي اليومية 1,كتاب مدرسي,2026-08-27 15:19:00.575151+00,0
ae0862a9-e5c4-4d4d-a988-dd49ffbcaabf,المسار في التاريخ والجغرافيا جدع مشترك علمي,كتاب مدرسي,2026-08-20 09:08:19.514969+00,0
ae469439-e756-4d64-9df9-70044d21a25c,LIVRE CITRONNELLE 6e - MANUEL/ACTIVITES,كتاب مدرسي,2026-09-04 15:25:30.61162+00,0
ae5126df-8292-4004-989a-013300c7dad7,عقد الخط و الجواهر - 3 & 2,كتاب مدرسي,2026-08-27 15:16:40.820161+00,0
aeacd792-745f-41bb-baa7-f4ef4631f734,HOT SHOT 3 -SB,كتاب مدرسي,2026-09-11 12:37:50.921698+00,0
aec22fd4-d735-4995-aa6d-168a5e61177a,مرشدي في اللغة العربية  - 3 ابتدائي,كتاب مدرسي,2026-09-08 21:05:18.591537+00,0
aed4eb97-6666-4e3c-aca9-ce7991c066eb,CAHIER DESSIN A4 - FEUILLE BLANCHE,كتاب مدرسي,2026-08-20 10:36:19.832544+00,0
aed7ac22-017f-4a2e-a464-efd154b985aa,TAOKI - CP / COMPLET,كتاب مدرسي,2026-09-06 01:35:13.441694+00,0
af3e2073-4dba-4b9c-886d-8c5a710d73a0,HOT SHOT WB + SB 2,كتاب مدرسي,2026-08-20 10:13:43.4682+00,0
af778211-35c9-411f-99f3-0e9803970c59,MAXI SVT - 3AC,كتاب مدرسي,2026-09-12 12:09:58.076753+00,0
afa42565-7b02-47d1-ab06-8e5376955c51,المفيد في التربية الفنية - 4,كتاب مدرسي,2026-09-02 15:28:51.195038+00,0
afe543f6-ce92-43d2-ac20-a7f6084e66af,LE MONDE DES MATH - 4,كتاب مدرسي,2026-09-02 18:43:54.943534+00,0
b000bed7-53e0-4e50-af30-a2d2e100b1de,EXTRA AND FRIENDS 3,كتاب مدرسي,2026-08-20 14:21:40.891187+00,0
b089e0ce-4fe2-44bc-926c-5e92d0021601,COLLECTION APOSTROPHE  - CAHIER D'ECRITURE CM2,كتاب مدرسي,2026-08-24 15:00:55.752162+00,0
b0b70dbe-4ba1-4771-bfd4-1c3afcd23d7d,LA CLASSE MATERNELLE GRAPHISME - ECRITURE GS 5/6 N° 1 - 2,كتاب مدرسي,2026-08-20 14:09:43.519234+00,0
b1067bdd-288b-45cf-afbe-d3f055f967f5,PASSERELLE - MATH - 1AC,كتاب مدرسي,2026-09-01 15:39:15.52952+00,0
b1104eac-d6df-4a11-a345-1e78eb328e03,SCIENTIVORE - 4,كتاب مدرسي,2026-08-26 11:52:05.944152+00,0
b1186be2-cbeb-413a-af63-2f9a8b1ac36c,ESPRIT DES MATH - CP,كتاب مدرسي,2026-09-02 16:06:26.26982+00,0
b175dc8f-c66e-4847-b387-fa0fdb893e64,ESPRIT DES MATH - 2AC,كتاب مدرسي,2026-09-05 17:45:18.029953+00,0
b1ab097e-ac4f-4557-bb04-923e67b40187,CAHIER D'ACTIVITES COMPETENCE 1AC - PC,كتاب مدرسي,2026-09-04 16:59:50.906365+00,0
b2066962-aad3-4548-a1ad-6a7b899276c0,RIVES BLEU - 4,كتاب مدرسي,2026-08-26 12:54:17.652226+00,0
b2458848-ef6d-4a89-9964-e8d424098c5d,CAHIER D'EXERCICE ETUDE DE LANGUE - 4,كتاب مدرسي,2026-08-30 15:43:33.35876+00,0
b293fa37-8937-43b3-803b-b4b4f64fa36b,MAXI SVT - MANUEL - 1AC,كتاب مدرسي,2026-08-29 12:11:15.15684+00,0
b2a1d91f-145d-4781-a4fd-e9ec35c7cb4a,LE NOUVEAU COCCINELLE - CE2,كتاب مدرسي,2026-09-03 14:18:27.119702+00,0
b3082047-4e4b-4373-b111-4913783f229f,LE TEMPS ES MATH - CP,كتاب مدرسي,2026-09-04 19:57:48.275691+00,0
b34a0963-797b-4931-b227-70a1e2c285f6,TERRE DES LETTRES MANUEL UNIQUE 6° NATHAN  SM BLEU,كتاب مدرسي,2026-09-11 09:06:30.775229+00,0
b3d7bd15-1c9c-409d-8c41-d41fc01b54eb,المفيد في التربية الاسلامية 6,كتاب مدرسي,2026-09-06 12:15:54.277855+00,0
b3e665d5-7e18-45ca-ab62-cbe4d52585d0,EXTRA AND FRIENDS 2,كتاب مدرسي,2026-08-20 14:21:40.749633+00,0
b40ec311-eb18-4a55-8305-cdec6f5c59be,POUR COMPRENDRE LES MATH - HACHETTE,كتاب مدرسي,2026-09-07 17:39:39.060221+00,0
b4197b68-40d5-4058-892b-491283c066a3,كراسة الكتابة فينكي مشروع 1-2-3 4/5سنوات,كتاب مدرسي,2026-08-30 16:30:07.043351+00,0
b473b1aa-5b8c-45f6-aae8-7e84dba1b687,MATOU MATH - GS,كتاب مدرسي,2026-09-04 10:00:49.139881+00,0
b4780faa-d596-4f65-9c43-61a52fbd01f7,فضاء الرياضيات  2,كتاب مدرسي,2026-09-07 16:07:07.405784+00,0
b47eb9c6-a71e-40d7-84c2-513d20bc970b,ACTION MATH - 5,كتاب مدرسي,2026-08-28 16:15:10.661742+00,0
b4911d23-66e7-40cd-8440-bfd8cd649c4f,PARCOURS FRANCAIS 6 AEP,كتاب مدرسي,2026-09-03 19:16:48.265936+00,0
b4bb95ed-4c00-4e0c-9c5f-c33fdb3fcb36,SWITCH ON EVERY DAY 4,كتاب مدرسي,2026-09-02 19:14:52.982791+00,0
b519cd78-7a11-499d-aa2d-82d0fe3781e0,MES RITUELS EN MATHEMATIQUE CE1,كتاب مدرسي,2026-08-30 20:28:45.776439+00,0
b5694a40-14cb-48c6-a222-1ba5a2ce35c0,UNIVERS plus - 1AC,كتاب مدرسي,2026-09-03 15:30:49.081499+00,0
b56ab189-cfe3-46fd-9fb8-714c4dd9cf22,COLLECTION COMPETENCE SVT 1C - MANUEL/ACTIVITE,كتاب مدرسي,2026-09-03 19:17:10.493408+00,0
b610ef87-f395-4a5f-b4ec-0d8443bb198f,ABC EN SCIENCES 4,كتاب مدرسي,2026-08-28 16:50:33.823946+00,0
b62d5c61-7872-4e04-b8ce-37c89ad01e40,ألرائد اللغة العربية - جدع مشترك,كتاب مدرسي,2026-09-07 09:02:25.708772+00,0
b69d490b-cfa2-4786-9309-7b5d1e8b7eb8,مفاتيح  النجاح - 4/5   -  3 مشاريع,كتاب مدرسي,2026-08-30 20:20:19.048002+00,0
b6d1f7cf-afa8-4e81-a0bf-ec373a34070f,غلاف بنفسجي صغير,كتاب مدرسي,2026-09-02 19:54:01.450561+00,0
b6efc8d3-fa65-4948-b4e0-b088d327ca40,FAIRE DES MATH - CM2,كتاب مدرسي,2026-09-04 17:09:05.833001+00,0
b73d9ada-6c7a-44ec-a4ee-03cbfb66d2c3,GENIES DES MATHS+,كتاب مدرسي,2026-09-09 17:01:21.303375+00,0
b7471479-a3e0-4732-9820-0cadce398ed8,SMILE - 4,كتاب مدرسي,2026-09-09 18:01:39.506762+00,0
b7d66791-45b5-46d3-9bb8-c5a785ecbb48,ACADEMIE DE LINFOMATIQUE - 5,كتاب مدرسي,2026-09-01 14:57:05.845519+00,0
b7d95494-fd7a-45dd-916b-f4823453dea0,رواية ابن الرومي في مدن الصفيح,كتاب مدرسي,2026-09-01 13:18:29.715568+00,0
b7e05284-93f1-4f62-b1aa-aef68b9f244a,رائد المستقبل 3/4 عربية  فرنسية,كتاب مدرسي,2026-09-05 11:57:27.453052+00,0
b81271c8-793b-4aa5-8b0c-d10104e5f44d,ELL EVATE ENGLISH TEEN,كتاب مدرسي,2026-09-07 11:07:12.424403+00,0
b83e4fea-be54-40c9-acf2-8069a71fcb8b,TONER WORD 150A,كتاب مدرسي,2026-08-31 15:46:22.46357+00,0
b84bdebc-cc4f-4b20-addb-9c904e071d82,LE TITANIC TOUS LECTURE HACHETTE,كتاب مدرسي,2026-09-09 18:07:44.055538+00,0
b85039f8-0258-484a-b57e-a0828493c437,MON PETIT LABO DE GRAPHISME ET ECRITURE - 4/5,كتاب مدرسي,2026-09-01 17:56:44.002099+00,0
b8578cba-3dec-46c9-bba4-71ac029db820,COLLECTION VIVE LA LECTURE,كتاب مدرسي,2026-08-27 20:48:06.204112+00,0
b8bdc35f-586f-4391-b97b-b5b0f5ba49f4,COQUELICOT CE 1 ACTIVITE,كتاب مدرسي,2026-09-08 17:09:56.202289+00,0
b8ef1393-307e-45c4-942d-fb302bcbd4be,AROBASQUE S EX - SEMESTRE 1 / 2,كتاب مدرسي,2026-09-10 19:08:20.267174+00,0
b8f04fa8-d138-48cc-a6b3-27ca0a97000d,الجديد في الاجتماعيات 6,كتاب مدرسي,2026-09-11 09:06:31.653356+00,0
b8f6c228-ceb3-4b6f-903c-3f9e6cddbd73,المجموعة التربوية - سوسن 5/6,كتاب مدرسي,2026-09-07 17:03:48.989204+00,0
b8f8b0ae-5da2-4740-9d23-fbe7b2dc6f5d,NENU 6,كتاب مدرسي,2026-09-08 16:31:54.790373+00,0
b92fc2f0-755a-4341-880a-ecfd05045d23,ESPRIT MATH - TC,كتاب مدرسي,2026-08-24 19:46:52.363447+00,0
b975b881-86d7-49d3-ba9a-de5f72554745,في رحاب التربية الاسلامية 2 اعدادي,كتاب مدرسي,2026-08-20 10:12:45.211109+00,0
b9fcc851-12d8-46b6-af0e-e488323f928b,UNIVERS PLUS - 3AC PC,كتاب مدرسي,2026-09-12 12:19:29.946056+00,0
ba13091d-c457-4be6-998f-da50eb66d98b,STARSHIP - SB/WB   - 3,كتاب مدرسي,2026-09-06 02:35:43.223508+00,0
ba58108b-d1b9-46db-8ee6-71835ef8a2ee,COQUELICOT - CE2,كتاب مدرسي,2026-09-03 20:07:58.307987+00,0
ba6ef0d1-98a9-4841-a22a-eb4d7ef20723,DOREMI GS MES PREMIERS LETTRES D'ÉCRITURE,كتاب مدرسي,2026-09-03 13:34:18.663305+00,0
bbd0c3c7-2a70-4840-a7c6-f652411a294e,ESPRIT DES SCIENCES 5,كتاب مدرسي,2026-09-02 12:40:36.164147+00,0
bc15dc8e-9e87-4bc2-9a44-8a9af1b1dbd8,SWITCH ON EVERY DAY - 4,كتاب مدرسي,2026-09-12 15:41:35.625859+00,0
bc5bcdf9-2b40-4dc3-9bf7-d75bafbfe7f4,SCIENTIVORE CP,كتاب مدرسي,2026-08-26 09:05:07.800843+00,0
bc61bdc9-46fa-416c-b8cf-155f4d624c36,ARCHIPEL MATHS 6,كتاب مدرسي,2026-08-20 11:03:44.007087+00,0
bc946313-a8f1-4d4a-a1ec-fad7c4a83b3f,منهل النشاط العلمي - 3,كتاب مدرسي,2026-09-04 09:15:16.03155+00,0
bcfa160b-7111-4009-ad25-582b557daa20,BON POUR A6 NCR,كتاب مدرسي,2026-09-07 14:23:42.192705+00,0
bcfa7aba-8584-4770-8823-ec4324df8e95,SWITCH ON 2 EVERY DAY,كتاب مدرسي,2026-09-04 20:36:33.196823+00,0
bd5bc947-1eb2-4660-9804-a41503637250,في رحاب اللغة العربية ج م ادب,كتاب مدرسي,2026-09-01 08:43:34.839338+00,0
bd632ac9-423c-4bbb-bcd5-0fbd7344d5ff,الرائد في اللغة العربية - 2 اعدادي,كتاب مدرسي,2026-09-10 01:07:47.645215+00,0
bde37695-4290-404b-95cb-ea4f1790ec2a,مفاتيح النجاح  5/6 مشروع 1 - 2 - 3,كتاب مدرسي,2026-09-08 16:56:54.872755+00,0
be028daa-0b8d-4df6-abc7-3abed6a94ebf,GENIE DES MATH - 2,كتاب مدرسي,2026-09-04 21:14:16.450637+00,0
be377d31-8586-4873-89d7-285207075f35,ABC EN SCIENCE - 1,كتاب مدرسي,2026-09-03 15:08:18.925762+00,0
be750061-c097-474f-84d1-7450e24bc78b,STEP UP IN ENGLISH 1,كتاب مدرسي,2026-09-01 14:07:38.104262+00,0
be8371ce-db7d-4e3d-9ffe-6fc8522b37e5,إحياء التربية الالسلامية - 2 اعدادي,كتاب مدرسي,2026-09-10 21:40:01.951341+00,0
beda7eb7-159b-4fdb-9e37-78cbe1bae309,انشطتي اليومية - 3/4   -  العربية,كتاب مدرسي,2026-09-05 14:19:11.346651+00,0
bf7a98f0-e0f9-4c32-a691-ebb75fd0c1c2,NENUPHAR CM1,كتاب مدرسي,2026-09-04 16:57:06.74257+00,0
bfb30287-dffd-474d-91d3-49d0e720dc35,رائد المستقبل - 3/4  - عربية / فرنسية,كتاب مدرسي,2026-09-10 10:06:57.366495+00,0
bff1b376-3c84-49d9-80f5-7b05619448eb,METHODE EXPLICITE - CM1,كتاب مدرسي,2026-08-29 15:52:01.0724+00,0
c019b3e4-7f16-4395-991b-216fb34ceb35,Eucalyptus livre unique  1ac,كتاب مدرسي,2026-08-27 17:07:23.463642+00,0
c0438457-8174-4127-8a77-94b50ee5ee30,مسار التاريخ والجغرافيا ج م ع,كتاب مدرسي,2026-08-20 10:34:28.520418+00,0
c059beea-bffb-478b-8611-a02acfdde03d,SMILE - CP / CM2,كتاب مدرسي,2026-08-29 14:33:13.408869+00,0
c0a0c167-3c0f-4822-a8d4-5f270f3a62d4,APOSTROPHE ECRITURE CP,كتاب مدرسي,2026-09-08 16:54:42.326528+00,0
c0b37ee1-b74c-43df-97b5-ffcc357724b0,LE TEMPS DES MATHS CP,كتاب مدرسي,2026-08-28 16:50:34.386156+00,0
c0ecddca-7f1d-4306-8f0d-1274e9d9a48b,مفاتيح  النجاح - 4/5   -  الانشطة لااضافية المكملة 4/5,كتاب مدرسي,2026-08-28 19:28:36.292047+00,0
c167e5e7-a773-48af-9fe9-707b3c26525a,EXCEL SCIENCE CM1,كتاب مدرسي,2026-08-24 18:29:45.566208+00,0
c16a5498-1e8f-4331-9b3f-4acee6a0dd0c,COMPUTER SCIENCE RPBOTICS CE1,كتاب مدرسي,2026-08-21 16:35:17.598816+00,0
c174925d-a05a-42d1-a1ae-830db5dda9a0,MICRO MATH CM2,كتاب مدرسي,2026-09-01 14:57:05.210676+00,0
c18296ee-7365-470c-9ff2-713c46a9a8bc,عالم التربية الفنية 1,كتاب مدرسي,2026-09-07 16:37:33.140272+00,0
c1d07a1c-70d1-4c1c-b3ba-8ec9b33b341b,GENERATION ROOTIQUE ET INFORMATIQUE - CP,كتاب مدرسي,2026-08-27 14:52:02.192007+00,0
c1d97dab-2b88-416c-9323-8a82a0e15a5c,ESPACE MOT FRANCAIS - CM2,كتاب مدرسي,2026-08-20 11:00:34.814839+00,0
c2532779-a2c3-496d-94aa-088f689a7b8d,MANUEL ESPRIT MATH - 1AC,كتاب مدرسي,2026-08-29 12:11:14.944685+00,0
c266aa3e-59d0-4233-88f6-c2495e378fdd,ETINCELLE  SVT CAHIER D'ACTIVITÉS 3AC,كتاب مدرسي,2026-09-05 13:56:10.397613+00,0
c2717f23-38db-47e7-8ab5-fd732ab1ecbe,تبسيط التطبيقات الكتابية المستوى 1 دار الثقافة,كتاب مدرسي,2026-08-20 10:09:51.873884+00,0
c29a3b30-be4d-4bb7-81cd-8924556da4ee,LES PETIT EXPERT EN ECRITURE - CE1,كتاب مدرسي,2026-09-07 10:21:47.9057+00,0
c2cbf724-cb56-4ac5-bb29-bdd856f2294f,التجديد في دفتر التقصي 4,كتاب مدرسي,2026-08-28 16:50:35.227965+00,0
c3661c35-b705-4938-a337-6ebc7eba8676,L'INCROYABLE ZANZIBAR : CATHARINA VALCKS EDITION : MOUCHE DE L'ECOLE DES LOISIRS,كتاب مدرسي,2026-08-20 10:36:19.410843+00,0
c392b1c9-176d-42df-94ae-25d016bf2300,MEILLEUR EN ÉCRITURE CE2,كتاب مدرسي,2026-09-03 17:50:49.177294+00,0
c3f95fad-0792-473c-8ee2-e49fd8500c19,KABILA DES SCIENCE - CM1,كتاب مدرسي,2026-09-12 15:41:35.483018+00,0
c485ccfc-3f44-447b-a990-24a1119a8eaf,PASSERELLE - FR - 3AC,كتاب مدرسي,2026-09-08 21:05:18.885692+00,0
c4982708-96eb-43e2-a41b-111798af8369,MON EVILE SCIENTIFIQUE 4+5+2,كتاب مدرسي,2026-08-28 16:51:50.299499+00,0
c4c8530c-7efd-4d8c-b22f-e70a412dc339,COMPUTER SCIENCE AI CP,كتاب مدرسي,2026-08-30 11:07:02.960117+00,0
c4f15b82-47e7-4c24-9c54-abd726407172,ESPACE MOT FRANCAIS CE1 ACTIVITES,كتاب مدرسي,2026-08-20 14:15:25.837707+00,0
c519475a-f055-494a-986c-e99e3f614ac4,ETINCELLE SVT ACTIVITES 1ER AC,كتاب مدرسي,2026-09-08 17:09:55.776174+00,0
c539f289-9b74-4792-9a17-95b7395a3e1c,الرائد في اللغة العربية - 2 باك,كتاب مدرسي,2026-09-12 15:55:24.698695+00,0
c578c0b2-05f0-447b-b0d5-c1e90532a065,UNIVERS - 1AC,كتاب مدرسي,2026-09-03 14:18:26.510851+00,0
c5a45805-9a9b-4114-af4c-f0d5ae19fcd0,BORDAS 3 TEXTE ET LITTERATURE,كتاب مدرسي,2026-09-14 10:54:33.208091+00,0
c5bf938e-0565-4dea-9c46-c79d057c3260,livret dactiviter complementaire - graphisme et ecriture - 4/5,كتاب مدرسي,2026-09-02 10:50:32.912517+00,0
c6420c9e-613b-40a0-b08c-8f4c8ce6cfb9,HOT SHOTS 2AC WORKBOOK,كتاب مدرسي,2026-09-11 12:26:53.029042+00,0
c6517d0e-eb68-405a-adb1-d66330fc4d2e,الواضح في النشاط العلمي 5,كتاب مدرسي,2026-09-06 17:41:39.602938+00,0
c691daa6-f900-40bc-9747-ccbca874e95d,منار التربية الاسلامية 3 اعدادي,كتاب مدرسي,2026-09-18 20:52:12.552277+00,0
c6cee99a-6ddb-4ec4-9f2e-873a00610ef8,pack L'ECLAIR DU FRANÇAIS CM2,كتاب مدرسي,2026-08-28 10:46:56.925778+00,0
c757a184-b50e-4db2-92de-18f3a2dbedcf,المفيد في اللغة العربية - 4,كتاب مدرسي,2026-08-24 15:14:47.720219+00,0
c7930201-636d-4f6e-8022-c1314a88f80d,ARCHIPEL PC TCS,كتاب مدرسي,2026-09-08 17:24:45.580154+00,0
c7964a86-bb2a-4165-828c-3aff570b4b5f,عقد الخط و الجواهر - 1& 2,كتاب مدرسي,2026-08-27 15:11:43.300303+00,0
c79dfc60-9a21-4a23-9843-9169c14d929b,MATHIVORE 5,كتاب مدرسي,2026-09-02 18:06:44.057391+00,0
c7a5a285-a84e-4b0f-822c-db1a8514a87b,FRANCAIS 1ERE ANNNEE COLLEGE - CDPL,كتاب مدرسي,2026-09-01 15:39:15.317153+00,0
c7a9a379-40dc-4e75-a328-24556397c053,LA CLASSE SCIENCES 6,كتاب مدرسي,2026-09-08 16:31:55.207402+00,0
c8359626-f4f4-4fc7-8053-11c51eb0962c,coquelicot cm2 manul,كتاب مدرسي,2026-08-24 12:50:37.758624+00,0
c8e2288e-8586-4b5b-9762-51e1387d1983,ARC EN CIEN - 5/6,كتاب مدرسي,2026-09-08 17:58:15.196774+00,0
c8f22761-a4f7-4784-b07f-208fce99c22f,ABC EN SCIENCE - 2,كتاب مدرسي,2026-09-05 11:48:27.421306+00,0
c9a37e60-ccd1-40bf-9901-059f9a87b582,LE TOUR DU MONDE - SUIVI,كتاب مدرسي,2026-09-06 17:35:18.118736+00,0
ca080c69-7b9a-497a-9c27-339a9c9d88a8,SPARK 4 SB+WB,كتاب مدرسي,2026-09-11 09:21:42.137698+00,0
ca1898cf-45fe-4891-8c9c-8666a06a5335,COLLECTION MéLI-MELO DES MOTS 4/5,كتاب مدرسي,2026-09-05 17:26:39.105919+00,0
ca2f4185-4683-402a-9a54-f311af613a97,قصص سلسة نحن نحب القصص,كتاب مدرسي,2026-08-21 16:32:23.823414+00,0
cad3ce33-db1d-428a-b52e-0448e2a4ed10,FRANCAIS  -  BORDAS  5,كتاب مدرسي,2026-09-07 09:59:05.935536+00,0
cad7f973-86a3-48b7-89ba-c9bf736a3782,LHEURE DE FRANCAIS - 1AC,كتاب مدرسي,2026-09-03 14:18:26.917547+00,0
cb0b27bb-40b1-47d6-8433-9c9152d61969,GUESS WHAT 5,كتاب مدرسي,2026-09-02 22:30:32.395197+00,0
cb3c13df-f52c-436f-a0a7-52b5654979f1,EXPLICITE CM2 - LE RESTE,كتاب مدرسي,2026-09-01 19:38:12.364146+00,0
cc0b54b8-b7db-4d9a-b27e-b1bce3c97c9c,في رحاب التربية الاسلامية  - 2 باك,كتاب مدرسي,2026-09-10 19:08:19.978158+00,0
cc114163-ebd6-4666-826d-fccef5c1f021,EUCALYPTUS - 1AC,كتاب مدرسي,2026-09-01 14:53:25.790772+00,0
cc81e403-fa44-41e0-a8f3-cdf37d0a87f4,SMILE 1,كتاب مدرسي,2026-08-27 14:52:01.540178+00,0
cc94e803-6b0d-4baa-8a8d-b1bcb00ebc57,LE PETIT MATHEUX - CP,كتاب مدرسي,2026-09-16 20:21:37.890078+00,0
cc9f22a4-324e-4b5a-b9c4-64e2a65cb508,CONNECT THE WORLD - CP,كتاب مدرسي,2026-09-07 15:39:48.207164+00,0
ccac6e73-ae11-4247-9c2b-0b14f4c5bb07,الرائدة - 6 ابتدائي,كتاب مدرسي,2026-09-06 17:13:13.263953+00,0
ccaeb21d-dbbc-4471-b494-5d8b2598ac91,UNIVERS + SVT - 2AC,كتاب مدرسي,2026-09-05 12:14:12.135482+00,0
cd124231-228c-4fb5-8fce-dd8394629134,ربع يس,كتاب مدرسي,2026-08-28 14:28:25.774962+00,0
cd226808-0bdf-43ef-88dc-691daf3d8fda,COLLECTOIN @ SVT ACTIVITÉS TCS,كتاب مدرسي,2026-09-03 17:23:56.24124+00,0
cd473b8c-a5a6-4033-b320-953400bd76ad,J'APPRENDS EN MATERNELLES GS S1+S2 EDITION AVERBOD/ CDPL,كتاب مدرسي,2026-09-03 13:34:18.520934+00,0
cd633af9-6132-45ba-b44c-54e60219dc13,مرشدي في راللغة العربية - 5,كتاب مدرسي,2026-09-15 18:16:06.812057+00,0
cdcef334-e1eb-4e44-8ce1-ac195a3bd9ce,FAIRE DES MATHS 5,كتاب مدرسي,2026-09-02 12:40:35.959887+00,0
ce935df7-ba08-4307-8550-483da41df3c3,MAXI SVT 2 EME AC,كتاب مدرسي,2026-09-13 18:21:29.822073+00,0
cea65a0c-e349-4d9b-87d9-68d782cf93f5,AL MOUFID EN MATH SM 1BAC SM 1-2,كتاب مدرسي,2026-09-12 17:21:50.552859+00,0
cf0c9f69-4697-43ae-9bda-80127e438f6b,INFORMATIQE ET ROBOTIQUE A LA GRANDE SECTION,كتاب مدرسي,2026-09-14 12:18:46.054911+00,0
cf11ac9e-ee66-4642-8e9f-2a32da8856df,SMILE 2,كتاب مدرسي,2026-08-26 12:28:42.927627+00,0
cf4cd998-b55c-4ba3-af97-170a0bf06d3a,مجموعة مرحى و مرح 5/4,كتاب مدرسي,2026-09-05 17:26:38.893801+00,0
cfb1757d-2b88-447e-8d33-42da0bf3a49b,SMART ENGLISH - 4,كتاب مدرسي,2026-08-26 11:52:05.733355+00,0
cfeac91c-4978-4edc-9da3-85b1b70de558,mes premier activites 3/4,كتاب مدرسي,2026-09-05 14:19:11.566953+00,0
d05b86d6-403c-4ae4-b769-26f50eb76a68,منهل النشاط العلمي  5,كتاب مدرسي,2026-09-09 15:38:12.919995+00,0
d07f23a3-241f-47f9-af76-24d93d78a763,"سلسلة "" نحن نحب القصص""",كتاب مدرسي,2026-08-27 18:52:41.81413+00,0
d0ba9103-17c6-4e66-b4fc-dd91fce8a5e4,SMILE 2 - SB+WB,كتاب مدرسي,2026-08-29 11:26:02.563081+00,0
d0c0a554-5e39-46ea-99dd-378d4796dd3f,ESPRIT PHYSIQUE CHIMIE 1ER AC MANUEL,كتاب مدرسي,2026-08-20 13:15:21.616693+00,0
d1adfb7c-bfc4-4ae0-8233-5d1c166a3097,MES APPRENTISSAGE  - 6,كتاب مدرسي,2026-09-05 21:51:16.567483+00,0
d1e20d63-2ed2-4e73-8f4a-89438d33c85d,COLLECTION  COMPETENCE PC - 1AC / MANUEL/ACTIVITE,كتاب مدرسي,2026-09-03 19:17:10.633815+00,0
d2228a39-1cb4-466b-8799-875df1ef2bfc,LE TEMPS DES MATH - 4,كتاب مدرسي,2026-09-02 11:27:26.662035+00,0
d22eeed6-2e62-48b9-ae12-8cb2c472d216,SMART ENGLISH 1,كتاب مدرسي,2026-08-31 10:12:02.009708+00,0
d23dfec7-508f-4c56-9acc-296ea9512211,"""le medecin malgre lui "" - biblio college",كتاب مدرسي,2026-08-26 14:37:15.650242+00,0
d2846511-4819-4df4-8f44-fdca72bf4224,منار التاريخ و الجغرافيا جدع مشترك,كتاب مدرسي,2026-09-11 09:21:42.988383+00,0
d2da7505-ef31-4603-ad73-33a13325461e,مرشدي اللغة العربية 5,كتاب مدرسي,2026-09-06 17:41:38.952544+00,0
d31b5573-f5f8-4b71-9068-7337fffc6143,POUR COMPRENDRE LES MATH - 4,كتاب مدرسي,2026-09-07 17:42:39.398947+00,0
d3d7d98f-ae4a-482b-a8ec-c08e424d9df8,LECTURE TOUT TERRAIN METHODE CAHIER DE EXERCICE 1-2,كتاب مدرسي,2026-09-09 16:25:12.498615+00,0
d3f33764-caa2-4bd6-97c9-44b6a947a63b,الواضح في النشاط العلمي - 3,كتاب مدرسي,2026-08-31 15:52:05.839497+00,0
d41aec16-2705-448a-b189-ed07d94f6db4,FAIRE DES MATH - 2,كتاب مدرسي,2026-09-07 10:21:48.54379+00,0
d42eca08-10b2-4e5d-9797-0d942a0b6d29,LES CAHIERS DE SVT ACTIVITES ET DC @ 2 BAC PC,كتاب مدرسي,2026-09-01 09:36:44.752625+00,0
d43bbd9e-6385-4cc4-a20d-d6702ef24b85,CAHIER D'ACTIVITES DOCUMENT 1AC - PC,كتاب مدرسي,2026-09-01 14:53:26.639807+00,0
d47d57fd-07b5-4dbe-8d9a-bda64203347d,MAXI MATH- 1AC,كتاب مدرسي,2026-09-03 14:18:26.302158+00,0
d49fd19d-fce5-4270-baa1-e80482f0f78d,ON ! - SB+WB 2,كتاب مدرسي,2026-09-06 01:32:44.972549+00,0
d52f250e-3e51-45b5-9133-6af47f43444a,الممتاز في التربية الاسلامية - 4,كتاب مدرسي,2026-08-24 14:55:02.127932+00,0
d579fff5-9d12-4235-a351-2e3b5518ba46,منار الفلسفة جدع مشترك علمي,كتاب مدرسي,2026-09-08 19:22:40.832806+00,0
d5b68d24-0b04-4701-83c4-8efed5be95f9,GO GLOBAL - 4,كتاب مدرسي,2026-09-12 14:22:08.996077+00,0
d5e17c81-a826-48e0-90d5-145dbaf4e0ad,TRESOR DES MOTS - 5,كتاب مدرسي,2026-09-07 18:02:27.060233+00,0
d5f000af-c84a-47bd-831d-32f1749fb180,ALMOUFID EN MATH - 1 BAC,كتاب مدرسي,2026-09-07 18:42:18.769228+00,0
d6068c0f-25b8-4fe6-bdbe-cb704dafc602,THE FLIBETS STARTER MS PB+AB,كتاب مدرسي,2026-09-13 16:19:36.460412+00,0
d6130b8b-d13e-480e-8e3b-292e35db23dd,CALCULATEUR - CE2,كتاب مدرسي,2026-08-31 12:31:35.463094+00,0
d614545e-926d-4167-aeac-5d177d5b587c,OBJECTIF SCIENCE  - CE2,كتاب مدرسي,2026-09-12 17:13:56.586206+00,0
d61f3ae6-73f1-496d-8df6-71fee0417495,التفسير الواضح 5,كتاب مدرسي,2026-09-07 18:02:28.495495+00,0
d640f51a-222d-4b7d-ac7b-f660e64cf60e,INFO ROBO AU COLLEGE,كتاب مدرسي,2026-09-08 16:31:54.091994+00,0
d6789a49-f0b9-45c7-8f7e-aa25fb46eb14,INFORMATIQUE AI - 3AC,كتاب مدرسي,2026-09-03 12:14:30.998611+00,0
d6e42c2f-21a9-4abd-8799-2f31991dce17,واحتي في انشطة اللغة العربية 4,كتاب مدرسي,2026-09-01 15:44:55.953284+00,0
d780a4ec-ba64-40e9-90ec-9a63d12a914a,COCCINEL ECRITURE- 3,كتاب مدرسي,2026-09-03 23:30:17.849228+00,0
d7993b90-7f79-46b7-a5d8-b876744b2354,ETINCELLE - SVT 1AC CAHIER D'ACTIVITÉS,كتاب مدرسي,2026-09-04 16:15:31.778104+00,0
d87d2daf-a03e-4fea-9751-8076853b25c2,INFORMATIQUE ROBOTIQUE AI - 1AC,كتاب مدرسي,2026-09-03 11:56:43.605415+00,0
d8a5c37b-7c78-47ce-ad66-5c8cde03ed18,ABC EN SCIENCE - 6,كتاب مدرسي,2026-09-07 22:30:44.565803+00,0
d8debc5b-a4f1-4541-9ffd-95962f2aa8ce,METHODE EXPLICITE - CP,كتاب مدرسي,2026-08-29 15:53:59.411223+00,0
d8e2c4da-3da4-45d5-80e3-53ea3b7eb144,OBJECTIF SCIENCES PLUS CM2,كتاب مدرسي,2026-08-27 11:36:59.490841+00,0
d92c3acf-ef1d-42e7-8998-5ea9d84deac9,مرشدي في اللغة العربية  5,كتاب مدرسي,2026-09-06 02:26:11.50114+00,0
d943561c-8e4f-461f-a4af-dc7edbba36b7,ESPRIT DES MATH CP,كتاب مدرسي,2026-09-06 02:01:09.568304+00,0
d94dc035-8a7b-4538-91a7-7e645a4bcb25,FAIRYLAND CP,كتاب مدرسي,2026-09-09 16:25:12.717215+00,0
d982a0d2-e754-4c1e-a10b-eee8d86458b7,SUPER SAFARI 1,كتاب مدرسي,2026-09-03 22:14:42.652987+00,0
d98c962d-b02e-486a-8551-3937f0ff30cd,الممتاز الاسلاميات 5,كتاب مدرسي,2026-09-09 15:38:12.412575+00,0
d9914dee-af55-422d-9cac-05c7dcdd3d08,SCIENTIVORE 4,كتاب مدرسي,2026-09-05 17:28:22.771775+00,0
d9d759a3-90a6-44e7-ab4f-033664ddddf0,في رحاب التربية الاسلامية 1 ابتدائي,كتاب مدرسي,2026-09-05 22:08:53.401107+00,0
da2379bc-097b-47fa-af4f-0b0283ceeca7,le petit nicolas,كتاب مدرسي,2026-09-03 19:40:02.022237+00,0
da38f8db-b863-4e6b-8517-12687b086363,PIXEL INFORMATIQUE - 3,كتاب مدرسي,2026-09-03 20:07:58.94311+00,0
da9706f1-4f8a-4eeb-a567-2494e12fa19e,حكاياتي المصورة مرشدي 2,كتاب مدرسي,2026-09-06 20:06:33.58935+00,0
da9c787b-9451-4dda-9d0e-8c79fa947c30,UNIVERS plus PC - 1AC,كتاب مدرسي,2026-09-03 23:30:16.857286+00,0
dadf2426-5c14-4549-91ce-eb7402d1654d,SMART ENGLISH 5,كتاب مدرسي,2026-08-31 10:12:01.720567+00,0
db3e0d67-b03f-472d-9fc7-5af38211f0fd,مرشدي اللغة العربية - 2 اعدادي,كتاب مدرسي,2026-09-15 09:34:11.382759+00,0
db62182d-626c-40ab-998c-3f8cd3d3d0f7,ABC EN SCIENCE -CM1,كتاب مدرسي,2026-09-06 19:05:01.533507+00,0
db94d3f4-54b7-41c4-8637-969bf6726d12,ابجديتي,كتاب مدرسي,2026-09-14 16:01:45.345179+00,0
dba309a4-72d9-463e-a7f5-cd2022171b16,READER - THE HERE THE TORTOISE,كتاب مدرسي,2026-09-04 21:14:16.913715+00,0
dbafd737-17a4-48bb-ace2-6e9ff0ffaf04,PACK EXPLICITE CM2 - COMPLET,كتاب مدرسي,2026-09-06 00:45:59.072567+00,0
dbff3c33-4545-4570-92d5-8b114fe7eab4,ESPACE MOT FRANCAIS 3 ACTIVITES,كتاب مدرسي,2026-08-20 14:26:46.554807+00,0
dc165dcc-725c-40e4-915e-ae765d238a74,BUBBLES N°6,كتاب مدرسي,2026-09-02 17:40:51.430126+00,0
dc192f75-9ecf-41b4-b937-bdf94d68e94a,MAXI PC 2 AC,كتاب مدرسي,2026-09-06 18:13:09.299436+00,0
dc2818da-a742-4b71-921b-76c4d6bae569,مرشدي في التربية الاسلامية 1,كتاب مدرسي,2026-08-31 17:30:38.081324+00,0
dc3ee5e9-2969-4a74-a934-c4278eed02a9,الكراسة الواضحة في التربية الاسلامية - 1,كتاب مدرسي,2026-08-26 12:57:02.017387+00,0
dc5ce20a-9324-4de9-899b-db802e0e1d4f,EXTRA AND FRIENDS  6,كتاب مدرسي,2026-09-03 12:14:29.85316+00,0
dc6baa9e-7ebf-4729-8a28-fa9df9352be1,GENIE DES MATH - CE1,كتاب مدرسي,2026-08-27 15:16:41.029909+00,0
dc8eb883-6026-4e97-98f0-6c0184b419a2,روايات نجيب الكيلاني الكابوس وقصص اخرى مؤسسة الرسالة,كتاب مدرسي,2026-09-05 13:07:50.893344+00,0
dcff01aa-816f-4136-8593-533f7a815719,COMPETENCE SVT - MANUEL / ACTIVITE    1AC,كتاب مدرسي,2026-09-06 19:05:00.899233+00,0
dcff3a20-cafa-4898-aa5b-6503e2f6f1ee,ELLEVATE ENGLISH TEEN 3,كتاب مدرسي,2026-08-26 12:54:18.076899+00,0
dd5a291f-44c9-45bd-9b6c-503518eba5ad,FRANCAIS LIVRE UNIQUE TERRE DES LETTRES - NATHAN 5 SPCAIL MAROC,كتاب مدرسي,2026-09-01 17:41:22.654443+00,0
ddacbb78-4505-4085-b10f-8c54c1011431,PIXEL INFORMATIQUE INGENERIE - 2,كتاب مدرسي,2026-09-05 19:23:16.235542+00,0
ddcb087f-427b-424d-a602-5a779657019c,LE NOUVEAU CROQUE-FEUILLES CE2,كتاب مدرسي,2026-09-09 18:07:43.620676+00,0
de48fbf1-42df-45c3-ab0d-69715060a4a8,LA CLASSE DES SCIENCE - 4,كتاب مدرسي,2026-09-03 20:16:57.542927+00,0
decca46a-3eca-4a8c-81f1-3f238eaf03d0,KIDS BOX - 6,كتاب مدرسي,2026-08-24 15:25:37.738944+00,0
ded4539a-2451-498c-8ee4-88c8b0bdaa62,ESPRIT DES MATHS 1ER AC,كتاب مدرسي,2026-08-20 13:15:21.185755+00,0
deeb629b-678a-49aa-94d3-a426db1c853d,المنار في التربية الاسلامية - 5,كتاب مدرسي,2026-09-02 09:24:01.340697+00,0
df4d9af1-3bf3-46cd-9a22-1743436334f9,SVT+ TCS,كتاب مدرسي,2026-09-03 17:23:56.100905+00,0
df8eefe2-7e98-4d26-8fbb-9ba602b2b572,+مفاتيح النجاح - 5/6   + الانشطة المكملة - عربية / فرنسية,كتاب مدرسي,2026-09-11 19:11:35.104257+00,0
df9ed3fe-69ab-4571-870a-fef59d0d00e0,*L'ENFANT ET LA RIVIERE* HENRI BOSCO,كتاب مدرسي,2026-09-11 09:21:42.774616+00,0
dfcbea02-aae3-4cd4-9d1a-7e9103acdf00,FRANCAIS TEXTE ET LITTERATURE BORDAS 5,كتاب مدرسي,2026-08-20 14:05:19.915682+00,0
dfd1d25e-4748-4ea7-8a0d-4c2290589b14,EXCEL SCIENCE - 6,كتاب مدرسي,2026-09-05 13:11:33.683697+00,0
e0373c98-de98-482a-874d-fc31fad6032e,LES CRACKS EN SCIENCES CP,كتاب مدرسي,2026-08-20 14:21:39.472203+00,0
e06f1201-70df-4161-ab84-80d1337450f9,صباغة مائية ازرق 250 مل,كتاب مدرسي,2026-08-30 17:41:43.282835+00,0
e097217c-37e4-4047-b34d-41c61a312e36,طريق النجاح في المواد الاسلامية - 3,كتاب مدرسي,2026-08-24 15:24:27.148392+00,0
e09bc245-91d3-4bab-97ad-ebefbeb87c51,قاموس سمير الموسوعي,كتاب مدرسي,2026-08-31 16:03:34.291656+00,0
e1242fff-7f96-42ff-9f5a-1fd7f0a2bc18,CROQUE LIGNE - EXERCICE 1 & 2,كتاب مدرسي,2026-08-20 11:08:12.828407+00,0
e14d8b1c-28ae-4f9f-b2b4-719ad5f62a8c,EXPILICITE CP,كتاب مدرسي,2026-08-29 14:33:12.975651+00,0
e1752437-bfdc-4d88-95e4-c4955a35b0d8,READER : THE STONE FLOWER,كتاب مدرسي,2026-09-04 08:37:54.24006+00,0
e1ea2ba7-a3f8-4d67-a639-3200f460f636,KIDS CONNECT 2,كتاب مدرسي,2026-09-10 17:08:29.899519+00,0
e2458ed4-ef2e-4da2-be00-6e996e3c3c3d,THE FATHER AND HIS SONS EXPRESS PUBLISHER,كتاب مدرسي,2026-09-03 15:48:45.879531+00,0
e25f768b-29d0-4177-aaf1-bb2f5ad69c3f,ARC EN CIEL GS CAHIER ECRITURE,كتاب مدرسي,2026-09-08 16:54:42.115945+00,0
e2a8234f-eee1-46a8-a9e1-4b8127cfb920,MANUEL ESPRIT DU MONDE - 1 COLLEGE,كتاب مدرسي,2026-09-03 20:01:48.13148+00,0
e2c6d028-e5ff-4565-a7de-097dd4518a99,LA CLASSE DES SCIENCE - 3,كتاب مدرسي,2026-09-01 14:27:40.469968+00,0
e2f68a4b-9a2e-490b-b86a-819352d18961,CAPPUCINES N°6,كتاب مدرسي,2026-09-07 15:49:38.98418+00,0
e3b6ddaa-17aa-4749-84ef-abfa530204e5,EUCLIPS DES MATH 3AC - PICM1812321,كتاب مدرسي,2026-08-24 19:48:26.201228+00,0
e423c9bc-315a-4aa8-bda2-4a4279930af6,INFO ROBO AI COLLEGE 1ER AC,كتاب مدرسي,2026-09-08 17:09:55.989621+00,0
e46fad27-7ebe-4df5-9069-c2ace033a781,فضاء الاجتماعيات - 1 اعدادي,كتاب مدرسي,2026-09-04 16:20:51.339146+00,0
e4838bd2-4bb2-4035-b297-10ea339d925b,LES CRACKS EN SCIENCE - CE1,كتاب مدرسي,2026-08-20 10:56:50.990262+00,0
e487d196-5153-4b71-9185-cd2bd3af9e7b,PAQUET CNSS + MALADIE CRONIQUE,كتاب مدرسي,2026-08-22 08:58:03.098159+00,0
e49dd270-1ed4-400a-adc3-00ba5df08752,PLUME D'ECOLE - PS,كتاب مدرسي,2026-08-31 15:55:52.077672+00,0
e4b39f86-eb08-4da8-ad35-76ed5134eb67,MATHIVORE - CM1,كتاب مدرسي,2026-09-02 15:28:50.989285+00,0
e5182a66-712c-4b30-b8b7-c42f364fe70e,COMPUTER SCIENCE AI - N°6,كتاب مدرسي,2026-09-07 15:49:39.840402+00,0
e5239f70-7927-44c4-bbd5-983b1b1870cd,TERRE DES LETTRES - NATHAN 5 SPECAIL MAROC,كتاب مدرسي,2026-09-04 16:51:16.618321+00,0
e530a764-f020-43d9-944a-586c0263384f,COLLECTION ETAPE PLUS 1AC ACTIVITE,كتاب مدرسي,2026-08-20 13:15:20.970452+00,0
e539cf3d-b758-4d5f-83a1-e90d4f6dd201,النجاح في الاجتماعيات - 2اعدادي,كتاب مدرسي,2026-09-16 17:17:33.532166+00,0
e557b51b-c0ec-41ba-93e9-abd9626a306f,PARCOURS - 1AC,كتاب مدرسي,2026-09-03 19:17:09.932853+00,0
e58ecd82-89b6-4a3a-a1cb-c08b907dd121,APPRENDRE L'INFORMATIQUE - 5E,كتاب مدرسي,2026-09-05 13:53:10.307407+00,0
e61f1469-5542-4efa-bcb2-738a0cdc0012,المنير اللغة العربية -5,كتاب مدرسي,2026-09-03 15:29:17.134241+00,0
e6c6575e-0108-491c-9c3b-0218fc4fbede,MATH AU CM2 - MANUEL / CAHIER GEOMETRIE,كتاب مدرسي,2026-08-24 15:00:55.61246+00,0
e6d21c37-9020-4983-bb28-c2d8966a7d00,MES ACTIVITES SUPLLEMENTAIRE - 5/6 LES CLES DE VREUSSITE,كتاب مدرسي,2026-09-04 18:37:17.013847+00,0
e70ecce8-dc81-4c1a-8a49-1307ac1cb1da,ملتقى المهارات الحياتية - 2,كتاب مدرسي,2026-09-03 19:40:02.445937+00,0
e7dc38fa-34a0-4097-9416-146f5cda6d4c,ETINCELLE SVT TC -ACTIVITÉS-,كتاب مدرسي,2026-09-11 09:21:43.200186+00,0
e8339abc-11f3-487c-b6e5-070a4d6e2fa9,COMPUTER SCIENCE  6,كتاب مدرسي,2026-09-03 15:56:36.945021+00,0
e83c7bef-954d-4d0a-a689-055c6bc8298b,CAHIER DE MATHEMATIQUE DOREMI - CDPL,كتاب مدرسي,2026-09-10 17:16:58.547433+00,0
e8599ebf-ae04-4101-96b2-9d2ac8e98900,COLLECTION ETAPE PLUS 3AC,كتاب مدرسي,2026-09-10 18:25:32.532602+00,0
e85fc09b-3bdd-439e-83d4-43ba60099d33,تخطيط كنز الحروف - 5/6,كتاب مدرسي,2026-08-29 13:45:10.01919+00,0
e8616077-21f5-4f1a-88ae-957a2922ead2,LETTRE PERSANES DE MOPNTESQUIEU,كتاب مدرسي,2026-09-03 19:27:05.450052+00,0
e8694608-5e40-433a-8611-8674ca05da80,COMPUTER SCIENCE - ROBOTIQUE AI : CP / CM2,كتاب مدرسي,2026-08-29 14:33:13.622504+00,0
e910b634-a522-49f1-b951-4796b8f378f8,PIXEL INFORMATIQUE - 5,كتاب مدرسي,2026-09-03 15:45:03.135894+00,0
e93bc7ce-a5c2-4dac-9b72-7656dace0161,الرائد في اللغة العربية - 1 اعدادي,كتاب مدرسي,2026-08-26 14:37:16.286486+00,0
e9915c74-61eb-4eda-8352-52f26a2298ed,كراسة التلميذ الامة - في قواعد اللغة العربية الميسرة,كتاب مدرسي,2026-09-04 16:20:50.290033+00,0
e9b1c5e1-355b-4531-8f07-193053ca9dc6,MA PETIT OASIS 3/4,كتاب مدرسي,2026-09-13 16:12:12.32345+00,0
e9dae48a-959c-474d-a535-87b6d8e682b9,KID'S ZONE 6,كتاب مدرسي,2026-09-02 15:39:11.092815+00,0
e9f79462-5394-4084-8a75-fc918b409b13,EXCEL MATH 4,كتاب مدرسي,2026-09-09 20:21:40.10937+00,0
eac1660c-6ffa-4a2e-8a1e-aab224fc5890,KID'S BOX WB+SB 1,كتاب مدرسي,2026-08-26 11:40:34.880836+00,0
eac717b2-6fe2-418f-acf4-59794f08bbbd,التجديد في دفتر التقصي 5,كتاب مدرسي,2026-08-20 14:30:41.712647+00,0
ead08d5a-dfca-477d-8f67-70f97a2d4d77,المفيد في اللغة العربية  - 3,كتاب مدرسي,2026-09-03 12:07:53.033245+00,0
eaf7924f-e2d8-4d26-90dd-8fe7fea3d851,DECOUVRIR Informatique - CP,كتاب مدرسي,2026-09-03 19:12:55.813856+00,0
eb4a42a3-0273-45ab-9c3f-ce5301424aaa,TICKET TO ENGLISH 1 BAC,كتاب مدرسي,2026-09-18 20:52:12.699371+00,0
eb6970c8-2c17-4110-8435-38f86b5cdcd1,JE REUSSIS MES DICTEE AU CM2,كتاب مدرسي,2026-09-06 01:23:57.649634+00,0
eb6b1651-c4c6-4d7f-9864-19212df2e7ca,رحلة الكلمات 6/5,كتاب مدرسي,2026-09-01 14:07:38.740692+00,0
eb7fa7a1-7ff4-416d-9fcb-4c2c08e8d4eb,LA CLASSE DES SCIENCES CE1,كتاب مدرسي,2026-08-20 14:21:40.465581+00,0
ec10a5f4-164c-4450-a170-399a605f9d88,LET'S SPEAK ENGLISH 4,كتاب مدرسي,2026-09-08 16:31:52.833751+00,0
ec81e253-623c-463d-8043-b283b4127935,الجديد في اللغة العربية - 4,كتاب مدرسي,2026-09-12 15:41:35.768335+00,0
ec85edbd-2030-4ed5-8dc2-b8ebaa2298fa,SMART ENGLISH 3,كتاب مدرسي,2026-09-06 18:46:49.617002+00,0
eca670df-19d7-4061-aed6-377878dee3bf,UNIVERS PLUS SVT - 3AC,كتاب مدرسي,2026-09-08 21:05:18.740372+00,0
ecd6834b-522e-49d7-b375-f431e889ebbf,دفتر حجم كبير - 24/32,كتاب مدرسي,2026-09-07 10:32:08.561867+00,0
ed3efb83-aa30-4f3b-8c5d-df797d59ba2f,LA CLASSE DES SCIENCES CP,كتاب مدرسي,2026-08-20 14:21:40.323546+00,0
ed72ec46-f276-44e3-8b86-d872c9766e03,أنشطتي اليومية - 4/3,كتاب مدرسي,2026-09-04 17:09:05.974103+00,0
ed7c7652-2ffa-4d06-9a0f-a7f28c540f8e,منار في التربية الاسلامية  5 ابتدائي,كتاب مدرسي,2026-08-20 09:08:19.939061+00,0
ed82261c-363f-4a13-b2ec-a06d5420e1de,TRESORS DES MOTS CM2,كتاب مدرسي,2026-09-06 17:41:40.032514+00,0
ed830d74-1302-4114-9f79-0acfda9832c3,EXCEL SCIENCE - 5,كتاب مدرسي,2026-09-16 16:56:00.945055+00,0
edda1b33-e09b-4296-98cb-01fc074626dc,HISTOIRE - COLLECTION CHEMS,كتاب مدرسي,2026-09-02 11:27:26.935556+00,0
eddabbf3-e14b-4aa3-9034-a7227c08c116,UNIVERS PLUS - / SVT 3AC,كتاب مدرسي,2026-09-12 12:03:45.674396+00,0
ee3950d1-f24c-4b55-8c97-a209ed53fbf5,KABILA DES MATHS - CM1,كتاب مدرسي,2026-09-12 15:41:35.339127+00,0
ee5fd710-7640-4f3d-a08a-4e2bde785543,ESPRIT PHYSIQUE CHIMIE ACTIVITES 1AC,كتاب مدرسي,2026-08-29 13:34:52.722718+00,0
ee74e76d-9b82-4ace-a5d8-e629b4049913,TONER W1510A EURO TONER,كتاب مدرسي,2026-08-21 15:30:50.147166+00,0
eebdbe60-c96b-4472-a8f9-b70e9f4cb7ac,LE MEDECIN MALMGRE,كتاب مدرسي,2026-09-06 17:35:18.334182+00,0
eed56eb5-9743-469e-9687-8b3a00b2368f,ENGLISH DOWNLOAD - B1 WB+SB,كتاب مدرسي,2026-09-01 08:37:04.942006+00,0
ef1cbd6e-eccf-4dff-800c-8073596e1857,HISTOIRE ; DEFI D'ENFER,كتاب مدرسي,2026-09-04 20:06:43.263938+00,0
ef288764-0eed-4072-869c-ce0a6f75abc3,مرشدي في اللغة العربية  - 2,كتاب مدرسي,2026-09-07 16:07:06.702092+00,0
ef35af40-c471-41cb-8683-f2832640e505,OEUVRE : LETTRES PERSANES DE MONTESQUIEU.,كتاب مدرسي,2026-08-27 10:03:23.509164+00,0
ef35e8cb-0f42-4905-9a09-1a54df98fa4b,TREMPLIN VERS LE FRANCAIS 1,كتاب مدرسي,2026-08-28 16:15:09.947806+00,0
ef507429-ba5f-467d-9b79-d95cd95e29b4,المنير في النشاط العلمي - 5,كتاب مدرسي,2026-08-20 10:56:51.20268+00,0
ef64ac21-0193-4366-8762-e48c2b357c2c,الممنار في التربية الاسلامية - 5,كتاب مدرسي,2026-09-01 14:57:04.783357+00,0
ef6c4845-ee36-4e57-9412-7dcf5cb91ee8,FAIRYLAND CM2,كتاب مدرسي,2026-09-06 01:23:58.082827+00,0
ef7eba2a-1295-4fd7-b010-16ca02212260,MINIBUS - 3-4,كتاب مدرسي,2026-09-03 15:08:19.539527+00,0
ef9a2c26-1de5-402c-8afd-99cc2fb487e1,اتعلم مع ليلى ومايا 5/6,كتاب مدرسي,2026-09-02 20:16:21.022048+00,0
ef9e9f87-a31a-4b32-8478-b785f7904c31,مختبري الصغير للتخطيط و الكتابة - 4/5,كتاب مدرسي,2026-09-01 17:56:43.796525+00,0
efd2d65f-b9f7-4a99-96f7-cdbb6dea25e1,PARCOURS 1 AC,كتاب مدرسي,2026-09-13 18:22:16.040624+00,0
eff7fc39-b334-4ff6-98a4-1ac9f6f35132,ACTIVITE COMPETENCE PC - 1AC,كتاب مدرسي,2026-09-07 15:39:48.49315+00,0
f00a1a40-e106-4fef-b5db-7bd9ba8a9b2b,KID'S BOX WB+SB 3,كتاب مدرسي,2026-08-20 10:31:29.943238+00,0
f0914049-d1ae-4250-b1c1-db1ecfafff83,حكايات مغر بية,كتاب مدرسي,2026-09-02 15:28:50.16681+00,0
f0dd078f-00cf-4f2c-98a0-8dc060dabfa2,حكايات الاطلس,كتاب مدرسي,2026-09-09 18:07:45.127052+00,0
f1273ffe-d3e8-4f01-8c57-92fdec0556fb,في رحاب التربية الاسلامية  - 5,كتاب مدرسي,2026-09-14 16:37:58.016371+00,0
f12e5db4-7005-4663-8be9-3384255a137e,EXTRA AND FRIEND WB + SB  2+4+6,كتاب مدرسي,2026-08-28 16:50:35.509992+00,0
f147ca86-6f13-4b9a-a4ac-9684dafd290d,OBJECTIF SCIENCE -CP,كتاب مدرسي,2026-08-31 17:30:37.940156+00,0
f1c282fa-6ed0-40cf-b2d6-a541c56f6d84,طريق النجاح في المواد الاسلامية - 5,كتاب مدرسي,2026-09-06 00:45:59.498262+00,0
f1c2e445-0b0d-4a3f-ac0e-3fc9cc51042b,مفاتيح النجاح عربية/فرنسية - 4/5,كتاب مدرسي,2026-09-12 17:22:13.125102+00,0
f1c3b9fa-44c4-4afa-9068-889a8077b156,طريق النجاح في التربية الاسلامية - 3,كتاب مدرسي,2026-09-05 11:09:29.084076+00,0
f256a834-a4d5-490a-93ac-e99a6fa8a135,MON EVEIL SCIENTIFIQUE - 2,كتاب مدرسي,2026-09-04 21:14:16.696345+00,0
f289f956-523c-46a9-a04e-e315239669e9,CALCULATEUR CM1,كتاب مدرسي,2026-09-04 16:57:07.17563+00,0
f2c9a534-9970-43f1-9989-65fdd2d83288,GENIE DES MATH CE1,كتاب مدرسي,2026-09-06 17:09:09.48702+00,0
f2e62bd8-c778-4dba-b061-c3c4ace862cc,ENGLISH DOWNLOAD A1 + SB/WB,كتاب مدرسي,2026-08-27 19:48:17.936044+00,0
f3426ef5-14ad-4c94-91a7-d995b2d3b30d,مناهج الفلسفة - اولى باك,كتاب مدرسي,2026-08-31 15:58:00.22292+00,0
f352fa5e-bc82-4460-8806-1b7fcd325f85,ECALYPTUS -1AC,كتاب مدرسي,2026-09-03 11:56:43.176315+00,0
f3af1eb3-1894-4911-866e-a8208ccda6d3,HOT SHOT 3 WB+SB,كتاب مدرسي,2026-09-05 13:56:10.61082+00,0
f404b92e-c8ea-4b6f-b971-c63090bd37a6,MAXI SVT 2AC MANUL,كتاب مدرسي,2026-09-09 11:55:25.010276+00,0
f4129be5-6c04-469f-8b8b-d545ceeab568,LECOLE DE DESERT + CAHIER DACTIVITE / EDITION MAGNARD,كتاب مدرسي,2026-08-24 15:14:47.935005+00,0
f4227804-6d00-4d68-9713-edaf56bc2ad6,UNIVERS PLUS - SVT 3AC,كتاب مدرسي,2026-09-11 11:54:24.027834+00,0
f42a4fcf-d107-48ee-9fac-239a20783779,قصة فرنسية 50 صفحة,كتاب مدرسي,2026-08-29 16:24:31.629909+00,0
f486e4d0-a0fc-4de8-b871-c39c7851db03,EXPILICITE CM2,كتاب مدرسي,2026-08-29 14:33:13.195846+00,0
f4d4dfc9-f8cb-4b57-98ea-83a7667a0991,LIVRE DE GRAPHISME ET ECRITURE 4/5  - PACK LES JARDIN,كتاب مدرسي,2026-09-02 13:34:47.383715+00,0
f4d54399-e33d-443b-bc84-9f9ea2b5b296,APPRENDRE L'INFORMATIQUE - 2,كتاب مدرسي,2026-09-07 10:21:48.119288+00,0
f4eded02-ee07-43c7-9e07-a753f981d572,GENIE DES MATH - CP,كتاب مدرسي,2026-09-03 19:12:55.601812+00,0
f559dae1-90fb-4d73-b2c4-2ef098a40364,POCKET DICTIONNARY,كتاب مدرسي,2026-09-04 08:37:54.456881+00,0
f57b7775-be93-4a42-b6eb-f2dea643afb6,cahier 288 GF - ANCOR,كتاب مدرسي,2026-08-29 15:55:36.979736+00,0
f5b3a274-85a0-4d43-98e8-596fc6ba680d,الرائد العربية 1 اعدادي,كتاب مدرسي,2026-09-08 17:09:54.704558+00,0
f5d3e195-c706-41b7-aa47-7678332aeaf9,KID'S BOX WB+SB 5,كتاب مدرسي,2026-08-20 10:29:29.400985+00,0
f5fb796a-b868-40a6-ba52-24cc269fddf7,LECOLE DE DESERT,كتاب مدرسي,2026-09-03 20:17:18.988816+00,0
f67359cc-5f43-469d-a67c-330c303aa555,كراسة التخطيط و الكتابة - 4/5 / الحديقة,كتاب مدرسي,2026-09-02 13:34:47.106058+00,0
f68bcd8e-4aa3-481c-9861-4f54497ccd3e,COLLECTION LES CAPUCINES CP - MANUEL / ACTIVITE,كتاب مدرسي,2026-09-04 14:42:10.845202+00,0
f6d9c587-ad32-4e63-8096-dd4fd6dc9e76,منار الجغرافيا ج م ادب,كتاب مدرسي,2026-09-01 08:43:34.404963+00,0
f6dd5c0e-93a3-4e49-8b91-ad3e6636b881,FAIRE DES MATH - 1,كتاب مدرسي,2026-09-08 01:21:38.074093+00,0
f6e21b54-ecf7-4edd-98ec-c0ccb5157343,EXCEL MATH - 6,كتاب مدرسي,2026-09-03 19:16:48.89981+00,0
f6e36d62-bed4-45f9-8324-8d30ce06a3cd,CAHER D'EXERCICE ETUDE DE LANGUE - 1,كتاب مدرسي,2026-08-30 15:43:34.064869+00,0
f7029567-f5f9-4445-b165-72e2f157e5d8,PIRATES BOOK - LAND PUBLISHING,كتاب مدرسي,2026-09-01 15:39:16.161303+00,0
f728830c-5228-4cf7-b2b7-91465a83ae08,أنشطتي اللغوية الجديدة - 6,كتاب مدرسي,2026-08-30 09:40:58.344029+00,0
f72aabcd-5dd1-4bbb-ab8f-e1e62998ac8a,الممتاز في التربية الاسلامية 2 ابتدائي,كتاب مدرسي,2026-08-20 14:15:25.411516+00,0
f7733877-85a9-4d66-ac44-afbfee415362,سلسلة روضتي الجميلة - خليل البحري,كتاب مدرسي,2026-08-30 09:40:58.492519+00,0
f7a45b85-2d92-4b3b-8791-542305293331,SWITCH ON 5 EVERY DAY,كتاب مدرسي,2026-09-07 18:02:27.499444+00,0
f7ed3651-7cd8-4252-88b8-25b296b27c78,PACK EXPLICITE - CE1,كتاب مدرسي,2026-09-03 19:53:18.122672+00,0
f7ef6160-a3eb-4164-a58e-5495e044ac63,ESPRIT MATH CE1,كتاب مدرسي,2026-08-21 11:18:49.51902+00,0
f7fe71e7-4375-44e5-b3fe-ad18646f08b7,LA MAGIE DES MOTS CP,كتاب مدرسي,2026-08-26 11:46:10.768333+00,0
f81d0005-e0f1-40cc-b160-6f0cf6ad6408,PORTE DOCUMENT 160V,كتاب مدرسي,2026-08-27 10:03:46.050662+00,0
f8387407-fba0-4b50-bcd1-7625fa0331ba,CROQUE FEUILLE TOME1 + TOME 2 CP,كتاب مدرسي,2026-08-20 10:32:23.406131+00,0
f841b529-28c6-4e31-a560-ba68f72d78e1,الجديد في التربية الفنية 5,كتاب مدرسي,2026-09-02 12:40:36.371046+00,0
f890a445-8063-4eb8-a434-f0c00b0b226f,ESPACE MOT FRANCAIS CM1,كتاب مدرسي,2026-09-02 22:08:29.233302+00,0
f953c963-ad04-41dc-9242-468454319abc,MA MALETTE SVT 2AC,كتاب مدرسي,2026-09-08 16:31:53.883256+00,0
f995a1f6-92b6-4c60-bc39-4d3ee0b8fa3b,ESPRIT SVT 1AC - ACTIVITES,كتاب مدرسي,2026-09-02 17:27:00.912353+00,0
f9a70335-a470-49ad-bbc9-8b49613f9f79,الرائد في اللغة العربية  7,كتاب مدرسي,2026-08-27 17:07:23.232417+00,0
f9c86d5d-4f91-4e61-b8b0-f8d488aeb3c4,العبرات - المنفلوطي,كتاب مدرسي,2026-09-03 15:00:25.33361+00,0
f9c9d1ea-8abd-4d84-8a5c-4024af980d7f,L'HEURE DE FRANCAIS 1AC,كتاب مدرسي,2026-08-26 14:37:15.223684+00,0
fa1d7483-b4b6-4a9a-bff7-39d1e1570890,LE NOUVEAU VIVRE LE FRANCAIS - 4,كتاب مدرسي,2026-09-03 15:56:36.001062+00,0
fa202f4e-f652-4d2b-b099-14eeeeac1309,PARCOURS - 6E MANUEL,كتاب مدرسي,2026-09-04 09:26:47.630672+00,0
fa7ea785-1f96-4720-b371-c0946e32a626,عقد الخط والجواهر 1,كتاب مدرسي,2026-08-22 19:13:01.425874+00,0
fb04f69f-eabd-4508-85d0-6d299bb7a849,COMPUTER SCIENCE - 6,كتاب مدرسي,2026-09-07 09:04:55.120869+00,0
fb287bbd-05b1-4849-b171-f5bafe8c9839,ألمفيد في النشاط العلمي - 2,كتاب مدرسي,2026-09-05 15:07:01.596832+00,0
fb9d3d77-a363-4aa8-b165-cb939cef7009,MEUILLEUR ECRITURE - CM1,كتاب مدرسي,2026-09-04 16:57:06.961169+00,0
fbc34eac-4609-4630-88f1-da3cd94d9c9f,المفيد اللغة العربية - 1,كتاب مدرسي,2026-09-04 14:42:10.596469+00,0
fc2867f1-d6ed-4e23-b2c7-628d103d24b9,CALCULATEUR - 4,كتاب مدرسي,2026-09-08 19:03:16.405202+00,0
fc656b05-3b7f-43e3-acd4-47a84975bea9,منار اللغة العربية اولى باك علوم,كتاب مدرسي,2026-08-22 12:33:33.303779+00,0
fc6c2eb1-9966-4694-af18-d104f8276621,EXTRA AND FRIEND WB + SB 5,كتاب مدرسي,2026-08-20 10:03:58.399364+00,0
fc70ec64-3a14-4f6c-bf65-074524b324cf,المفيد في الاجتماعيات - 5,كتاب مدرسي,2026-09-03 19:40:01.810748+00,0
fd2eb28b-d2f0-4350-a0b6-9ea56aaa55e2,GENIE DES MATH - 1,كتاب مدرسي,2026-09-03 15:08:18.511043+00,0
fd3eb087-a028-4f45-9981-725eccb34582,ESPRIT DE MATHS CM2,كتاب مدرسي,2026-08-26 15:33:24.353366+00,0
fd4f8d37-1a55-47eb-9c29-f6e03ebc1fe9,مرشدي في اللغة العربية 5,كتاب مدرسي,2026-09-02 18:06:44.479555+00,0
fd6ba559-74b8-422c-a346-c2d391169ad3,TOP SCIENCE - CM2,كتاب مدرسي,2026-09-06 01:54:14.302467+00,0
fdc6f9a7-be89-4be8-8a09-ad49fc5b4080,HOT SHOT 3V WB+SB,كتاب مدرسي,2026-09-03 17:18:23.741513+00,0
fdcf2234-2e66-4982-85af-cce13a30d63f,ENGLISH LAND  5,كتاب مدرسي,2026-09-01 14:57:05.633832+00,0
fe094ea5-8036-47cf-95c0-3131eb59d8e9,MATHIVORE - CP,كتاب مدرسي,2026-08-27 14:52:01.978989+00,0
fe26bc36-7995-4582-be53-2c49c91c1da2,MATHIVORE - 4,كتاب مدرسي,2026-09-01 15:23:12.920885+00,0
fe993fde-bc92-482f-8ead-32eb9f61a9e1,الكراسة الواضحة في التربية الاسلامية  - 1,كتاب مدرسي,2026-08-28 14:28:25.561735+00,0
ff1d9a11-35f2-4d55-aae1-fd0d752b41e7,MATH AU CM2 - MANUEL,كتاب مدرسي,2026-09-01 13:46:30.165508+00,0
ff3692c3-e292-4630-9758-93b447b2b8ef,واحة التربية الاسلامية 4 ابتدائي,كتاب مدرسي,2026-08-20 10:03:11.956523+00,0
ffa1f4ab-12c8-4a74-8723-f73e7fae0799,WONDERWORLD 3 - SB/WB,كتاب مدرسي,2026-09-06 01:50:53.315209+00,0